title,price,mileage,fuel,hp,type,region,is_amg,color,age
mercedes-benz gle 450amg coupe дистроник камери360 обдухване keyless,69990,153000,gasoline,367.0,coupe,sofia,1,black,9
mercedes-benz gle 350d coupe-amg line-9g-tronic-harmon kardon,69999,189000,diesel,258.0,coupe,pazardzhik,1,white,8
mercedes-benz gle 43 amg coupe панорама дистр.head-up keyless cam360,78990,127000,gasoline,367.0,coupe,sofia,1,blue,8
mercedes-benz gle 250 d,45500,178000,diesel,204.0,jeep,plovdiv,0,black,10
mercedes-benz gle 350 4matic amg * топ състояние*,46000,251700,gasoline,307.0,jeep,sofia,1,gray,9
mercedes-benz gle 350 amg/panorama/360-kamera/kylessgo/собствен лизинг,46000,202000,diesel,258.0,jeep,plovdiv,1,silver,6
mercedes-benz gle 350 4matic* 63 amg optic* camera,49900,166000,diesel,258.0,jeep,sofia,1,white,9
mercedes-benz gle 350 amg line/9g/germany/подгрев/sign assyst/auto h/liz,49900,180878,diesel,258.0,jeep,sofia,1,black,9
mercedes-benz gle 350 * amg* bi turbo * 4 matic*,49900,171900,gasoline,302.0,jeep,burgas,1,white,9
"mercedes-benz gle 350 3, 5 cdi 4matic",54000,183000,diesel,258.0,jeep,sofia,0,brown,9
mercedes-benz gle 350 6.3amg/germany/panorama/подгрев/airmatic/led/f1/li,57000,185574,diesel,258.0,jeep,sofia,1,black,9
mercedes-benz gle 350 amg::designo::9g tronik::panorama:distronik plus,57900,196067,diesel,258.0,jeep,plovdiv,1,light gray,9
mercedes-benz gle 350 d 4matic,59999,142123,diesel,258.0,jeep,sofia,0,black,10
mercedes-benz gle 350 amg 9g лизинг,61999,210000,diesel,258.0,jeep,burgas,1,black,8
mercedes-benz gle 350 amg,62900,151221,diesel,258.0,coupe,pazardzhik,1,white,10
mercedes-benz gle 350 coupe= amg premium-4matic= 9gtronic= black edition,63663,220000,diesel,258.0,coupe,gabrovo,1,brown,7
mercedes-benz gle 350 amg premium подгрев = обдухване,64999,169000,diesel,258.0,coupe,sofia,1,black,8
mercedes-benz gle 350 d executive 4m,65800,152837,diesel,258.0,jeep,burgas,0,gray,7
mercedes-benz gle 350 amg-black-edition-9g-tronic-360-кам-панорама-с.кни,65999,189000,diesel,258.0,jeep,plovdiv,1,black,9
mercedes-benz gle 350 kupe amg optica/start stop/edition/собствен лизинг,67000,178521,diesel,258.0,jeep,plovdiv,1,black,7
mercedes-benz gle 350 kupe amg optica/start stop/edition/собствен лизинг,67000,178521,diesel,258.0,coupe,plovdiv,1,black,7
mercedes-benz gle 350 kupe amg optica/start stop/edition/собствен лизинг,69000,179554,diesel,258.0,jeep,plovdiv,1,black,8
mercedes-benz gle 350 kupe amg optica/start stop/edition/собствен лизинг,69000,179545,diesel,258.0,coupe,plovdiv,1,black,8
mercedes-benz gle 350 coupe 350/4-matic/63amg/9g-tronic/,71999,177000,diesel,258.0,coupe,pazardzhik,1,black,7
mercedes-benz gle 350 coupe 350/4-matic/63amg/9g-tronic/,71999,177000,diesel,258.0,coupe,pazardzhik,1,black,7
mercedes-benz gle 350 amg full max,71999,174000,diesel,258.0,coupe,plovdiv,1,black,8
mercedes-benz gle 350 cdi amg paket 4-matic панорама,73999,173929,diesel,258.0,jeep,haskovo,1,white,8
mercedes-benz gle 350,78900,237000,diesel,258.0,jeep,plovdiv,0,white,7
mercedes-benz gle 350 d* amg* exclusive* panorama* 360cam* harman* full,81999,163656,diesel,258.0,jeep,haskovo,1,white,8
mercedes-benz gle 350 d 4matic amg line night package,98999,178306,diesel,272.0,jeep,sofia,1,white,6
mercedes-benz gle 350 300d* 4 matic* airmatic* 2xamg* led* 360* head up,83900,129000,diesel,245.0,jeep,sofia,1,black,6
mercedes-benz gle 350 d 4matic amg line,104999,158172,diesel,272.0,jeep,sofia,1,black,5
mercedes-benz gle 350 6+ 1* amg* pano* keyless* burmester* acc* 21,119000,76000,diesel,272.0,jeep,sofia,1,black,5
mercedes-benz gle 350 silver star,136000,42000,diesel,272.0,jeep,veliko tarnovo,0,silver,4
mercedes-benz gle 350 d coupe 4matic amg line,113999,124379,diesel,272.0,coupe,sofia,1,black,4
mercedes-benz gle 350 e/coupe/4matic/burmester/ambient/virtual,119900,92500,plug-in hybrid,333.0,coupe,sofia,0,white,3
mercedes-benz gle 350 de#facelift2024#amg#airmat#обдух#pano,189999,4000,plug-in hybrid,320.0,jeep,stara zagora,1,dark gray,1
mercedes-benz gle 400 amg 9g 4matic 333кс night package,63900,53000,gasoline,333.0,jeep,pleven,1,light gray,7
mercedes-benz gle 400 d amg 330hp пано нави дистроник 360',89990,161232,diesel,330.0,jeep,pernik,1,light gray,5
mercedes-benz gle 400 airmatic* 2xamg* 360* burmester*,103900,89700,diesel,330.0,jeep,sofia,1,black,5
mercedes-benz gle 400 4matic amg 53 пакет + active sound,125000,97500,diesel,330.0,jeep,shumen,1,dark gray,3
mercedes-benz gle 400 amg/hud/burmester/6+ 1/ambient,109900,114000,diesel,330.0,jeep,sofia,1,brown,6
mercedes-benz gle 400 amg/hud/burmester/6+ 1/ambient,109900,114000,diesel,330.0,jeep,varna,1,brown,6
mercedes-benz gle 400 amg night топ състояние,134500,124000,diesel,340.0,jeep,plovdiv,1,black,3
mercedes-benz gle 400,135000,96544,diesel,330.0,jeep,sofia,0,dark gray,5
mercedes-benz gle 400 #brabus#e-abc#pano#designo#softcl#burm#обдух#360*,139999,98000,diesel,330.0,jeep,stara zagora,0,black,5
mercedes-benz gle 43 amg coupe 43 amg/133911км,72500,130000,gasoline,367.0,coupe,sofia,1,black,8
mercedes-benz gle 43 amg 4matic/9g/pano/360cam/distr+ /390кс/132000km,74000,132900,gasoline,390.0,coupe,sofia,1,black,8
mercedes-benz gle 43 amg mercedes gle43 amg* b&o* cam360* panorama* distron,76699,175000,gasoline,400.0,jeep,sofia,1,black,7
mercedes-benz gle 43 amg 3.0 v6 biturbo,94800,102000,gasoline,390.0,jeep,plovdiv,1,black,8
mercedes-benz gle 450 6+ 1 пълна история,99000,111000,gasoline,367.0,jeep,varna,0,white,4
mercedes-benz gle 450 4m* distr* hud* pano* burmester 24хил км!,125999,23803,hybrid,370.0,jeep,ruse,0,white,5
mercedes-benz gle 500 -amg-full-panorama-keyless-cam360-distronic-,53700,82000,gasoline,455.0,jeep,plovdiv,1,black,9
mercedes-benz gle 500 e amg 4matic plug-in hybrid full  лизинг/бартер,59800,201000,plug-in hybrid,333.0,jeep,dupnitsa,1,black,9
mercedes-benz gle 500 очакван внос mercedes gle500 amg coupe,73699,179000,gasoline,455.0,coupe,sofia,1,black,7
mercedes-benz gle 53 4matic amg 360 burmester panorama head up собствен лизинг,109900,175000,gasoline,435.0,jeep,sofia,1,green,5
mercedes-benz gle 53 4matic amg 2021,119000,88300,gasoline,429.0,jeep,sofia,1,blue,4
mercedes-benz gle 53 4matic + amg eq boost exclusive,129900,156567,gasoline,435.0,jeep,sofia,1,black,5
mercedes-benz gle 53 4matic amg coupe eq boost exclusive night package,144999,109581,gasoline,435.0,coupe,sofia,1,gray,5
mercedes-benz gle 53 4matic amg,121900,63000,gasoline,435.0,jeep,plovdiv,1,black,5
mercedes-benz gle 53 4matic + coupe- panorama - burmester - cam360 - keyless-,157700,49000,gasoline,435.0,coupe,plovdiv,0,black,3
mercedes-benz gle 53 4matic,177000,77551,gasoline,435.0,jeep,sofia,0,black,4
mercedes-benz gle 53 4matic amg/burmester/hud/pano/обдухване/multibeam led/360,149900,94000,gasoline,457.0,coupe,varna,1,black,5
mercedes-benz gle 53 4matic coupe night-paket,189500,41707,gasoline,429.0,coupe,sofia,0,black,3
mercedes-benz gle 63 s amg дистроник#панорама#обдухване,85000,188000,gasoline,585.0,jeep,stara zagora,1,black,10
mercedes-benz gle 63 s amg 585 k.c.,87000,95500,gasoline,585.0,jeep,sofia,1,white,8
mercedes-benz gle 63 s amg * stage 2* 700кс,94999,175698,gasoline,585.0,jeep,haskovo,1,white,9
mercedes-benz gle 63 s amg 4matic coupe - фолиран,99800,115000,gasoline,585.0,coupe,sofia,1,black,8
mercedes-benz gle 63 s amg 4matic/bang&olufsen/обдухване/камера/side assist,99800,132500,gasoline,585.0,jeep,sofia,1,white,10
mercedes-benz gle 63 s amg distr#обдух#pano#360* cam#гаранция до 03-2027,209999,8500,gasoline,513.0,jeep,stara zagora,1,dark gray,2
mercedes-benz gle coupe full max 9g tronik,65000,158000,diesel,258.0,coupe,sofia,0,black,8
mercedes-benz gle coupe kupe amg optica/start stop/edition/собствен лизинг,67000,178521,diesel,258.0,coupe,plovdiv,1,black,7
mercedes-benz gle coupe kupe amg optica/start stop/edition/собствен лизинг,69000,179545,diesel,258.0,coupe,plovdiv,1,black,8
mercedes-benz gle coupe 350d-amg line-9g-tronic-harmon kardon,69999,189000,diesel,258.0,coupe,pazardzhik,1,white,8
mercedes-benz gle coupe 350d#9g-tronic#amg#360* camera#h&k#,69999,178000,diesel,258.0,coupe,stara zagora,1,white,9
mercedes-benz gle coupe amg full max,71999,174000,diesel,258.0,coupe,plovdiv,1,black,8
mercedes-benz gle coupe 350d#amg#panorama#soft-close#camera#carbon#h&k,72999,160400,diesel,258.0,coupe,stara zagora,1,dark gray,8
mercedes-benz gle coupe designo#b&o#softcl#3xtv#panorama#обдух#keyless,77999,176000,diesel,258.0,coupe,stara zagora,0,white,8
mercedes-benz gle coupe,78900,237000,diesel,258.0,coupe,plovdiv,0,white,7
mercedes-benz gle coupe #amg#panorama#keyless#h&k#360* camera#98tkm,86999,98000,diesel,258.0,coupe,stara zagora,1,white,8
mercedes-benz gle coupe 350d 4matic amg line,113999,124379,diesel,272.0,coupe,sofia,1,black,4
mercedes-benz gle 350d amg,73500,159000,diesel,258.0,jeep,sofia,1,white,9
mercedes-benz gle 350,83800,187000,diesel,265.0,jeep,plovdiv,0,black,9
mercedes-benz gle 350,87900,190000,diesel,258.0,jeep,plovdiv,0,gray,9
mercedes-benz gle amg/4matic/300d/burmester/88000km/2020г.,95000,88000,diesel,245.0,jeep,sofia,1,green,5
"mercedes-benz gle 350d, coupe, amg-56000км-pano, key-go, dist, night",139990,56000,diesel,272.0,coupe,plovdiv,1,black,4
mercedes-benz gle 400d amg line,155780,35500,diesel,330.0,jeep,stara zagora,1,white,3
mercedes-benz gle 250 cdi топ цена,33999,210000,diesel,204.0,jeep,plovdiv,0,black,8
mercedes-benz gle 250 d* 9g-tronik* 360 cam*,42800,135000,diesel,204.0,jeep,dupnitsa,0,dark gray,9
mercedes-benz gle 250 4-matic.amg line,49999,165000,diesel,204.0,jeep,sofia,1,black,9
mercedes-benz gle 250 4matic premium plus,51940,201731,diesel,204.0,jeep,kyustendil,0,dark gray,6
mercedes-benz gle 250 9g/4matik/panorama/led,52988,161235,diesel,204.0,jeep,stara zagora,0,black,7
mercedes-benz gle 250 d  204ps sport 9g * перфектен*,57900,177058,diesel,204.0,jeep,sliven,0,white,7
mercedes-benz gle 350 d amg pack 9g tronik,47500,175000,diesel,258.0,jeep,plovdiv,1,black,9
mercedes-benz gle 350 d 4 matic,48500,197038,diesel,258.0,jeep,sofia,0,white,9
mercedes-benz gle 350 3.5cdi* 258* k.c-4motion* kamera navi*,48777,217000,diesel,258.0,jeep,stara zagora,0,white,10
mercedes-benz gle 350 9g/harman kardon/панорама/подгрев/360,49999,210000,diesel,258.0,jeep,sofia,0,white,8
mercedes-benz gle 350 реални км!!!,51999,160000,diesel,258.0,jeep,sofia,0,black,9
mercedes-benz gle 350 amg/distronic/360camera/softclose/4matic/,52900,207759,diesel,258.0,jeep,pazardzhik,1,black,9
mercedes-benz gle 350 bluetec amg line ! 4matic ! swiss !,52900,199500,diesel,258.0,jeep,sofia,1,gray,9
mercedes-benz gle 350 бартер* amg* панорама* distronik,56900,199000,diesel,258.0,coupe,ruse,1,white,9
mercedes-benz gle 350 amg панорама distronic 360 камери airmatic,57000,150600,diesel,258.0,jeep,sliven,1,gray,8
mercedes-benz gle 350 4 matic,57900,243000,diesel,258.0,jeep,sofia,0,red,9
mercedes-benz gle 350 amg 4matic 9g tronic premuim,58499,218500,diesel,258.0,jeep,sofia,1,black,7
mercedes-benz gle 350,58500,56000,gasoline,306.0,jeep,smolyan,0,white,10
mercedes-benz gle 350 amg 258hp e6,59990,185318,diesel,258.0,jeep,pernik,1,black,10
mercedes-benz gle 350 amg package немска! регистриран!,59999,185500,diesel,258.0,jeep,plovdiv,1,white,9
mercedes-benz gle 350 cdi amg-paket панорама 360 4-matic,59999,176393,diesel,258.0,jeep,haskovo,1,white,6
mercedes-benz gle 350 coupe,63000,284000,diesel,245.0,coupe,sofia,0,black,9
mercedes-benz gle 350  gle 350d v6 (258 кс) 4matic 9g-tronic,63000,183110,diesel,258.0,jeep,burgas,0,blue,9
mercedes-benz gle 350 очакван внос gle350d coupe amg-night pano cam-360,63880,240000,diesel,258.0,coupe,sofia,1,white,10
mercedes-benz gle 350 лизинг,64999,188000,diesel,258.0,jeep,blagoevgrad,0,black,10
mercedes-benz gle 350 amg пакет,65000,253000,diesel,258.0,jeep,sofia,1,dark gray,8
mercedes-benz gle 350 d coupe 6.3 amg optic 9g pano 360 h/k key go,66900,167000,diesel,258.0,coupe,sofia,1,dark gray,8
mercedes-benz gle 350 ///amg packet///360///вакуум///pano///navi///dvd//,68990,203000,diesel,258.0,jeep,plovdiv,1,red,9
mercedes-benz gle 350 amg* 360* harman/kardon* full*,68990,238422,diesel,258.0,coupe,plovdiv,1,white,9
mercedes-benz gle 350 amg* 360* harman/kardon* full*,68990,238422,diesel,258.0,jeep,plovdiv,1,white,9
mercedes-benz gle 350 4-matic* 9g* camera* distronic* печка,69000,230000,diesel,258.0,jeep,ruse,0,light gray,9
mercedes-benz gle 350 amg/designo/distronic/360 kameri,69699,164000,diesel,258.0,jeep,sofia,1,blue,8
mercedes-benz gle 350 amg line* coupe* 4-matic* 9g-tronic* лизинг,69900,180879,diesel,258.0,coupe,sofia,1,white,8
mercedes-benz gle 350 coupe-amg-panorama-360 kamera,69900,123000,diesel,258.0,coupe,pleven,1,black,7
mercedes-benz gle 350 amg,69999,179000,diesel,258.0,jeep,varna,1,black,9
mercedes-benz gle 350 cdi/sport/камера360/обдухване/airmatic/coupe,71900,215500,diesel,258.0,coupe,varna,0,black,8
mercedes-benz gle 350 d coupe 4m amg* nightp* подгрев* distr,71900,113000,diesel,258.0,coupe,sofia,1,black,8
mercedes-benz gle 350 cdi/sport/камера360/обдухване/airmatic/coupe,71900,215500,diesel,258.0,coupe,sofia,0,black,8
mercedes-benz gle 350 amg line/4matic,72900,98300,diesel,258.0,jeep,sofia,1,gray,9
mercedes-benz gle 350 coupe amg 4matic panо обдухване подгрев 360 h/k,72900,153788,diesel,258.0,coupe,plovdiv,1,white,9
mercedes-benz gle 350 amg /f1/готов лизинг,73800,188000,diesel,258.0,coupe,sofia,1,gray,9
mercedes-benz gle 350,61999,216000,diesel,258.0,jeep,sofia,0,dark gray,9
mercedes-benz gle 350 gle 350 amg/4matic/rse/harman/камера/подгрев,74900,197000,diesel,258.0,coupe,varna,1,dark gray,10
mercedes-benz gle 350 amg/4matic/rse/harman/камера/подгрев,74900,197000,diesel,258.0,coupe,sofia,1,dark gray,10
mercedes-benz gle 350 amg/navi/360camera/вакуум/harman kardon/,74900,190000,diesel,258.0,jeep,sofia,1,white,9
mercedes-benz gle 350 coupe= 3.0cdi-258кс= 9g-tronic= 360камера= air,75900,185000,diesel,258.0,coupe,sliven,0,black,8
mercedes-benz gle 350 cdi 4-matic * coupe* 86500 км. топ състояние !,76800,86509,diesel,258.0,coupe,sofia,0,white,8
mercedes-benz gle 350 4matic - amg - 272к.с.,79000,192000,diesel,272.0,jeep,pleven,1,green,5
mercedes-benz gle 350 coupe 9g 4matic amg,88500,105000,diesel,258.0,coupe,haskovo,1,white,6
mercedes-benz gle 350 2.0 4matic,96000,85000,gasoline,258.0,jeep,sliven,0,blue,5
mercedes-benz gle 350 gle 350* amg line* v6* 4matic* 9gtronic* 6+ 1,82000,139000,diesel,272.0,jeep,sofia,1,blue,6
mercedes-benz gle 350 amg line night пакет burmester 360,99000,149000,diesel,275.0,jeep,sofia,1,dark gray,6
mercedes-benz gle 350 de plug-in хибрид,104890,102000,plug-in hybrid,320.0,jeep,sofia,0,black,4
mercedes-benz gle 350 de * гаранция до 09.2026г*,112900,90000,plug-in hybrid,320.0,jeep,sofia,0,white,4
mercedes-benz gle 350 3.0 v6 * 2 x amg* досие в силвър стар* 84 000км.,117000,83717,diesel,272.0,jeep,burgas,1,black,5
"mercedes-benz gle 350 gle 350d amg | топ състояние | 55, 000 км | няма д",97998,55000,diesel,272.0,jeep,pleven,1,gray,6
mercedes-benz gle 350 coupe * amg* pano* burmester* 360cam* head-up,122000,239000,diesel,272.0,coupe,plovdiv,1,dark gray,4
mercedes-benz gle 350 amg premium coupe,123000,113000,diesel,272.0,coupe,shumen,1,green,4
mercedes-benz gle 350 300d amg,113400,40389,hybrid,272.0,jeep,varna,1,white,2
mercedes-benz gle 350 e/coupe/4matic/burmester/ambient/virtual,119900,92500,plug-in hybrid,333.0,coupe,varna,0,white,3
mercedes-benz gle 350 amg/4matic/virtual/ambient,149900,74000,diesel,272.0,jeep,varna,1,white,5
mercedes-benz gle 350 4matic,149900,14500,gasoline,255.0,jeep,sofia,0,white,1
mercedes-benz gle 350 amg,149999,39000,diesel,272.0,jeep,sofia,1,black,4
mercedes-benz gle 400 очакван внос gle400 amg pano cam360 hud exclusive,49880,190000,gasoline,333.0,jeep,sofia,1,white,9
mercedes-benz gle 400 amg 9g-tronic 4matic,53500,171000,gasoline,333.0,jeep,sofia,1,black,7
"mercedes-benz gle 400 amg line, 9g- tronic, i larman/kardon, keyle",58999,93000,gasoline,330.0,jeep,plovdiv,1,blue,6
mercedes-benz gle 400,62000,120000,gasoline,333.0,jeep,sofia,0,white,7
mercedes-benz gle 400 бартер,65660,151326,gasoline,333.0,jeep,vratsa,0,white,7
mercedes-benz gle 400 coupe/9g/4matic лизинг без доказване на доходи,84999,100209,gasoline,333.0,coupe,sofia,0,black,9
mercedes-benz gle 400 d 9g-tronic amg line,119500,190359,diesel,330.0,jeep,sofia,1,black,3
mercedes-benz gle 400 d/coupe/amg line/4matic/nitght package/burmaster,121121,191000,diesel,330.0,coupe,gabrovo,1,dark gray,4
mercedes-benz gle 400  amg line,140140,63715,diesel,330.0,jeep,shumen,1,green,5
"mercedes-benz gle 400 coupe amg line, distronic, led, 4matic",144000,125000,diesel,330.0,coupe,plovdiv,1,black,5
mercedes-benz gle 400 4 matic* premium plus packet* amg-line,149900,78000,diesel,330.0,jeep,veliko tarnovo,1,white,4
mercedes-benz gle 400 coupe,168500,35000,diesel,330.0,coupe,stara zagora,0,white,3
mercedes-benz gle 400 d 4matic,160000,51573,diesel,330.0,jeep,ruse,0,dark gray,2
mercedes-benz gle 43 amg biturbo 4matic,59999,122000,gasoline,390.0,jeep,sofia,1,gray,7
mercedes-benz gle 43 amg top,66999,126000,gasoline,367.0,jeep,sofia,1,black,9
mercedes-benz gle 43 amg coupe 43 amg/133911км,72500,130000,gasoline,367.0,coupe,sofia,1,black,8
mercedes-benz gle 450 amg optik 4matic,74999,134000,gasoline,367.0,jeep,shumen,1,red,9
mercedes-benz gle 450,79900,55500,gasoline,367.0,jeep,sofia,0,gray,5
mercedes-benz gle 450 4m/hud/pano/burmester,86238,112000,diesel,367.0,jeep,sofia,0,gray,5
mercedes-benz gle 450 -amg line-mild hybrid-panorama-keyless-6+ 1-,91700,129000,gasoline,367.0,jeep,plovdiv,1,white,5
mercedes-benz gle 450 gle450 amg-line топ,103999,108000,gasoline,367.0,jeep,pazardzhik,1,black,6
mercedes-benz gle 450 * 4 matic * 6 + 1 * burmeister,103900,87000,gasoline,367.0,jeep,varna,0,black,5
mercedes-benz gle 450 4matic eq boost,115000,54000,gasoline,367.0,jeep,sofia,0,silver,5
mercedes-benz gle 450 d/coupe/amg-line/burmester/pano,169900,35000,diesel,367.0,coupe,varna,1,dark gray,1
mercedes-benz gle 450 d/coupe/amg-line/burmester/pano/hud,169900,35000,diesel,367.0,coupe,sofia,1,dark gray,1
mercedes-benz gle 450 d/4m/amg-line/burmester/pano,169900,18500,diesel,367.0,jeep,sofia,1,gray,1
mercedes-benz gle 450 full екстри * burmeister * amg * head up * панорам,207900,12000,diesel,368.0,jeep,varna,1,gray,1
mercedes-benz gle 450 amg  367 ps panorama 130000km!!!,69999,130000,gasoline,367.0,jeep,sofia,1,silver,9
mercedes-benz gle 450 amg amg/4matic/hud/обдухване/панорама/6+ 1,114900,87000,gasoline,367.0,jeep,sofia,1,dark gray,6
mercedes-benz gle 500 amg line 4matic hybrid,48800,235000,gasoline,333.0,jeep,sofia,1,black,8
mercedes-benz gle 500 4matic/amg pack/massage/360,66977,119610,gasoline,455.0,jeep,plovdiv,1,gray,9
mercedes-benz gle 500 e amg plug-in hybrid 4matic швейцария,66999,189000,plug-in hybrid,442.0,jeep,sofia,1,black,9
mercedes-benz gle 500 е amg plug-in hybrid 4matic швейцария,66999,189000,gasoline,449.0,jeep,sofia,1,black,9
mercedes-benz gle 500 amg/headup/harman/360cam/455к.с./113000km,76000,113000,gasoline,455.0,jeep,sofia,1,blue,9
mercedes-benz gle 53 4matic amg full!!!,146800,57000,gasoline,435.0,jeep,plovdiv,1,white,4
mercedes-benz gle 53 4matic amg,146900,56000,gasoline,435.0,jeep,plovdiv,1,white,4
mercedes-benz gle 53 4matic amg 4m* hud* burmester* pano* night* 360,131318,87484,gasoline,435.0,jeep,sofia,1,white,6
mercedes-benz gle 53 4matic coupe,160000,136000,gasoline,435.0,coupe,sofia,0,black,5
mercedes-benz gle 53 4matic amg 435hp,162680,87010,gasoline,435.0,jeep,pernik,1,white,4
mercedes-benz gle 53 4matic coupe* night* hud* massage* burmester* pano* 22,167000,65000,gasoline,435.0,coupe,sofia,0,black,5
mercedes-benz gle 53 4matic amg/burmester/hud/pano/обдухване/multibeam led/360,149900,94000,gasoline,457.0,coupe,sofia,1,black,5
"mercedes-benz gle 53 4matic gle 53 amg, гаранция, head up display, burmester",182900,31400,gasoline,435.0,jeep,sofia,1,blue,2
mercedes-benz gle 53 4matic +  coupe amg facelift,195999,70,gasoline,455.0,coupe,sofia,1,blue,0
mercedes-benz gle 580 4m amg 360 hed up,165000,19000,gasoline,489.0,jeep,pernik,1,white,3
mercedes-benz gle 63 s amg,67000,83000,gasoline,585.0,jeep,sofia,1,gray,8
mercedes-benz gle 63 s amg barter#leasing,89500,125000,gasoline,600.0,jeep,shumen,1,black,8
mercedes-benz gle 63 s amg,90000,186000,gasoline,585.0,jeep,sofia,1,black,8
mercedes-benz gle 63 s amg full top,94999,108900,gasoline,600.0,jeep,sofia,1,gray,8
mercedes-benz gle 63 s amg coupe night package/ carbon/ alcantara full full,99000,142954,gasoline,585.0,coupe,blagoevgrad,1,black,9
mercedes-benz gle 63 s amg 4matic/bang&olufsen/обдухване/камера/side assist,99800,132500,gasoline,585.0,jeep,varna,1,white,10
mercedes-benz gle 63 s amg 5.5i 558hp v8 biturbo,99990,181175,gasoline,558.0,jeep,pernik,1,black,9
mercedes-benz gle 63 s amg b&o / karbon /3 tv/alkatar/top,102500,122000,gasoline,585.0,jeep,blagoevgrad,1,gray,9
mercedes-benz gle 63 s amg,124900,85000,gasoline,585.0,jeep,sofia,1,white,10
mercedes-benz gle 63 s amg full!!!,129999,102500,gasoline,585.0,coupe,kardzhali,1,black,7
mercedes-benz gle 63 s amg 4matic+  лизинг промо цена до 15.02,169888,78235,gasoline,612.0,jeep,sofia,1,black,4
mercedes-benz gle 63 s amg 4m+ exclusive* night* carbon* burm* pano,149000,85000,gasoline,612.0,jeep,blagoevgrad,1,white,3
mercedes-benz gle 63 s amg coupe#designo#softcl#disr#oбдух#pano#burm,189999,100000,gasoline,612.0,coupe,stara zagora,1,black,4
mercedes-benz gle 63 s amg coupe/4m/burm4d/carbon/head-up/eq boost/full!!!,196500,68000,gasoline,612.0,coupe,blagoevgrad,1,white,4
mercedes-benz gle 63 s amg 4m+ exclusive* facelift*  carbon* burm* pano,180000,41657,gasoline,612.0,jeep,sofia,1,green,4
mercedes-benz gle coupe amg optic+ 4matic+ 9gtronic+ камера+ кожа,57000,229233,diesel,258.0,coupe,sofia,1,gray,9
mercedes-benz gle coupe 350/amg,62900,151221,diesel,258.0,coupe,pazardzhik,1,white,10
mercedes-benz gle coupe 350d/4matic/amg/258hp,66000,217455,diesel,258.0,coupe,sofia,1,silver,9
mercedes-benz gle coupe 350 cdi 6.3 amg optic 9g pano 360 h/k key go 21,66900,167000,diesel,258.0,coupe,sofia,1,dark gray,8
mercedes-benz gle coupe amg/distronic/360camera/keyless/top/,67900,178879,diesel,258.0,coupe,pazardzhik,1,red,8
mercedes-benz gle coupe 350d 4matic amg,67999,177000,diesel,258.0,coupe,sofia,1,black,9
mercedes-benz gle coupe 350d amg pack,67999,200000,diesel,258.0,coupe,sofia,1,black,10
mercedes-benz gle coupe 350 4matik amg panorama,69900,123000,diesel,258.0,coupe,pleven,1,black,7
mercedes-benz gle coupe,69999,220405,diesel,286.0,coupe,veliko tarnovo,0,black,9
mercedes-benz gle coupe 350d* amg* 4matic* 360* camera* distronic*,86990,130460,diesel,258.0,coupe,kardzhali,1,black,9
mercedes-benz gle coupe de,95000,76700,plug-in hybrid,347.0,coupe,sofia,0,black,4
mercedes-benz gle coupe 400d - amg - burmester - панорама - head up,110000,186000,diesel,330.0,coupe,pleven,1,black,5
mercedes-benz gle coupe 53 amg,149999,78000,gasoline,435.0,coupe,plovdiv,1,black,4
mercedes-benz gle coupe 400d * full екстри * панорама * burmeister * amg,169900,19000,diesel,326.0,coupe,varna,1,black,2
mercedes-benz gle 350d amg package,46990,184000,diesel,258.0,jeep,stara zagora,1,white,9
mercedes-benz gle unikalen,49000,280000,diesel,260.0,jeep,kardzhali,0,black,8
mercedes-benz gle 3.5 d coupe 315к.с,69500,179123,diesel,315.0,coupe,plovdiv,0,black,10
mercedes-benz gle 350d coupe 4matic amg-line,69999,187000,diesel,258.0,coupe,sofia,1,white,9
mercedes-benz gle 550e,75000,75000,plug-in hybrid,450.0,jeep,razgrad,0,black,7
mercedes-benz gle 43 amg coupe панорама дистр.head-up keyless cam360,78990,127000,gasoline,367.0,coupe,sofia,1,blue,8
mercedes-benz gle 500e hybrid,80000,180000,hybrid,333.0,jeep,vratsa,0,black,9
mercedes-benz gle,85000,198000,diesel,272.0,jeep,smolyan,0,black,6
mercedes-benz gle 300 d 4 matic,89000,183000,diesel,245.0,jeep,veliko tarnovo,0,white,5
mercedes-benz gle 350 4matic full 6.3 amg pack,90000,183000,diesel,258.0,coupe,dobrich,1,white,9
mercedes-benz gle 300d* 4 matic* pano*,104700,109000,diesel,245.0,jeep,sofia,0,dark gray,4
mercedes-benz gle 300d 4m * гаранция * 7-местен pano 360 печка,109900,88000,diesel,245.0,jeep,sofia,0,black,5
mercedes-benz gle 350d 4matic 6+ 1,95000,209000,diesel,272.0,jeep,ruse,0,white,4
mercedes-benz gle 300d 4matic amg line,97999,131,diesel,243.0,jeep,sofia,1,black,5
mercedes-benz gle 300d 4 matic,119900,87664,diesel,245.0,jeep,veliko tarnovo,0,white,4
mercedes-benz gle 300d,119900,151900,diesel,272.0,jeep,sofia,0,white,4
mercedes-benz gle 450  450 4matic amg line,129570,54500,gasoline,367.0,jeep,stara zagora,1,gray,5
mercedes-benz gle 300d amg paket 6+ 1,108000,67000,diesel,245.0,jeep,vratsa,1,beige,6
mercedes-benz gle 300d mild hybrid 7 местен гаранция до 15.03.2028,114600,61600,diesel,272.0,jeep,plovdiv,0,gray,2
mercedes-benz gle,122000,24000,diesel,248.0,jeep,plovdiv,0,gray,3
mercedes-benz gle 300de amg* 4matic* 6+ 1* гаранция*,149900,25000,hybrid,270.0,jeep,sofia,1,black,2
mercedes-benz gle 450 4-matic,160100,21000,gasoline,367.0,jeep,sofia,0,black,3
mercedes-benz gle 300d 4matic = amg line advanced plus= гаранция,145420,18000,diesel,272.0,jeep,sofia,1,gray,1
mercedes-benz gle 300d 4matic coupe = amg line advancedplus= гаранци,159500,15500,diesel,272.0,coupe,sofia,1,black,1
mercedes-benz gle coupe 300d 4 matic amg burmaster,191670,30,diesel,292.0,coupe,sofia,1,green,0
mercedes-benz gle 250 4 matic,37000,270000,diesel,204.0,jeep,vidin,0,blue,9
mercedes-benz gle 250 камера-подгрев-led-ел багажник-2.2cdi 204hp,39500,234600,diesel,204.0,jeep,sofia,0,dark gray,9
mercedes-benz gle 250 2.2cdi,41000,221000,diesel,204.0,jeep,varna,0,white,9
mercedes-benz gle 250 4 wd,49000,81000,diesel,204.0,jeep,sofia,0,white,8
mercedes-benz gle 250 amg* 9g* camera* 4matic* led* сменена верига,54500,195000,diesel,204.0,jeep,plovdiv,1,dark gray,7
mercedes-benz gle 350,30000,148000,diesel,258.0,jeep,sofia,0,blue,8
mercedes-benz gle 350 4matic amg,43000,176664,diesel,258.0,jeep,sofia,1,light gray,9
mercedes-benz gle 350,43316,212321,diesel,258.0,jeep,burgas,0,gray,9
mercedes-benz gle 350 3.0/258кс 4matic панорама,44000,282000,diesel,258.0,jeep,vratsa,0,white,7
mercedes-benz gle 350 4matic,45000,198000,gasoline,302.0,jeep,plovdiv,0,black,8
mercedes-benz gle 350 4-matic nov,45700,257000,diesel,258.0,jeep,plovdiv,0,silver,9
mercedes-benz gle 350 облcужрен-4matic,45800,198000,gasoline,302.0,jeep,plovdiv,0,red,8
mercedes-benz gle 350 4matic 9g tronic,48000,202000,diesel,258.0,jeep,plovdiv,0,dark gray,10
mercedes-benz gle 350,48000,212000,diesel,258.0,jeep,pernik,0,white,10
mercedes-benz gle 350 350d 4-matic premium,48500,197000,diesel,258.0,jeep,plovdiv,0,black,9
mercedes-benz gle 350 4 matik,48999,150000,gasoline,302.0,jeep,dobrich,0,white,7
mercedes-benz gle 350 4матик. амг пакет,49000,149000,gasoline,302.0,jeep,sofia,0,white,9
"mercedes-benz gle 350 amg-distronic-4-matic, внос, ,",49900,198900,diesel,258.0,jeep,plovdiv,1,black,8
mercedes-benz gle 350 amg,49900,198900,diesel,258.0,jeep,plovdiv,1,black,7
mercedes-benz gle 350 gle-350d,49990,149500,diesel,258.0,jeep,shumen,0,black,10
mercedes-benz gle 350 d= 4matic= 63 amg=,49999,181000,diesel,258.0,jeep,pazardzhik,1,black,8
mercedes-benz gle 350 d* * 4matic* * amg line* * nightpaket* *,50999,301890,diesel,258.0,jeep,vidin,1,black,8
mercedes-benz gle 350 amg-line* 9g-tronic* топ състояние*,51000,192210,diesel,258.0,jeep,blagoevgrad,1,black,9
mercedes-benz gle 350,51500,208548,diesel,258.0,jeep,blagoevgrad,0,black,9
mercedes-benz gle 350 топ състояние,51999,145000,diesel,258.0,jeep,blagoevgrad,0,white,8
mercedes-benz gle 350 amg,52000,167000,gasoline,306.0,jeep,sofia,1,red,7
mercedes-benz gle 350 d 4matic amg line* pano*,52900,179500,diesel,258.0,jeep,plovdiv,1,white,10
mercedes-benz gle 350 amg   4 matic регистриран,53500,225000,diesel,260.0,jeep,varna,1,black,10
mercedes-benz gle 350 6+ 1 n1,54000,223711,diesel,258.0,jeep,stara zagora,0,gray,7
mercedes-benz gle 350 d 4m amg,55000,236000,diesel,258.0,jeep,sofia,1,blue,7
mercedes-benz gle 350 4 matic,55600,127400,gasoline,306.0,jeep,varna,0,white,7
mercedes-benz gle 350 amg пакет,55600,185600,diesel,258.0,jeep,plovdiv,1,black,8
mercedes-benz gle 350,55800,172000,diesel,258.0,jeep,pleven,0,gray,9
mercedes-benz gle 350 amg 63 pack 4m,56838,172510,diesel,258.0,jeep,sofia,1,gray,10
mercedes-benz gle 350 d 4matic,56840,189000,diesel,258.0,jeep,plovdiv,0,gray,8
mercedes-benz gle 350 d* 4matic* amg* пълна сервизна история в мерцедес,57800,190150,diesel,258.0,jeep,sofia,1,black,9
mercedes-benz gle 350 350,58000,196000,diesel,265.0,jeep,vratsa,0,black,8
mercedes-benz gle 350 amg/2018г/germany/distron/360camera/car play/подгр,58000,175099,diesel,258.0,jeep,sofia,1,black,7
mercedes-benz gle 350 d 4matic,58800,111000,diesel,258.0,jeep,plovdiv,0,blue,9
mercedes-benz gle 350 350d,58900,235716,diesel,258.0,jeep,sofia,0,blue,7
mercedes-benz gle 350,58999,154000,gasoline,306.0,jeep,ruse,0,white,7
mercedes-benz gle 350 amg package,59000,267000,diesel,258.0,jeep,shumen,1,metallic,7
mercedes-benz gle 350 топ състояние,59500,252000,diesel,258.0,jeep,sofia,0,blue,9
mercedes-benz gle 350 amg pack 4 matic top offer,59500,249000,diesel,258.0,coupe,plovdiv,1,light gray,10
mercedes-benz gle 350 * 9g* * 4matic* blutec*,59900,125000,diesel,258.0,jeep,burgas,0,black,9
mercedes-benz gle 350 d 4matic,59999,142123,diesel,258.0,jeep,sofia,0,black,10
mercedes-benz gle 350 amg-9g-tronic-360-кам-панорама-с.книжка-подгрев,59999,208000,diesel,258.0,jeep,plovdiv,1,black,9
mercedes-benz gle 350 350cdi като нова,59999,203000,diesel,258.0,jeep,plovdiv,0,light gray,10
mercedes-benz gle 350,59999,155000,diesel,258.0,jeep,varna,0,black,9
mercedes-benz gle 350,60000,206000,diesel,258.0,jeep,sofia,0,black,9
"mercedes-benz gle 350 d, coupe",60900,218470,diesel,258.0,coupe,plovdiv,0,gray,9
mercedes-benz gle 350 3.5cdi,61000,170000,diesel,272.0,jeep,blagoevgrad,0,gray,9
mercedes-benz gle 350 top coupe amg 9g tronic,61500,201000,diesel,258.0,coupe,ruse,1,white,8
mercedes-benz gle 350,62000,232000,diesel,258.0,jeep,sofia,0,gray,9
mercedes-benz gle 350 d 4matic,62500,129405,diesel,258.0,jeep,varna,0,white,9
mercedes-benz gle 350,63000,136000,diesel,258.0,jeep,varna,0,brown,10
mercedes-benz gle 350 gle 350,63900,233500,diesel,258.0,coupe,plovdiv,0,gray,9
mercedes-benz gle 350 d 4matic amg-line,63999,202000,diesel,258.0,jeep,sofia,1,white,7
mercedes-benz gle 350,64900,188000,diesel,258.0,coupe,plovdiv,0,white,9
mercedes-benz gle 350 d/coupe/4matic/amg/21/360,64900,232324,diesel,258.0,coupe,ruse,1,white,10
mercedes-benz gle 350 d 4matic amg line,64999,190000,diesel,258.0,jeep,sofia,1,black,9
mercedes-benz gle 350 4matic,65000,46400,diesel,258.0,jeep,pleven,0,white,7
mercedes-benz gle 350 4-matik amg-l?ne d?stron?k-plus 9g-tronik,65000,189000,diesel,258.0,coupe,plovdiv,1,white,9
mercedes-benz gle 350,65000,169740,diesel,255.0,jeep,sofia,0,black,7
mercedes-benz gle 350 distronic/360* камери/ambilight/подгрев/key less,65000,168000,diesel,258.0,coupe,sofia,0,black,8
mercedes-benz gle 350 v6,65000,56000,gasoline,302.0,jeep,pernik,0,blue,7
"mercedes-benz gle 350 cdiamg подг.обдух.масаж, панор.дистр.bang & olufse",65900,198700,diesel,258.0,coupe,plovdiv,1,white,9
mercedes-benz gle 350 amg/9g/360/pano/подгрев,65990,197130,diesel,258.0,coupe,plovdiv,1,white,9
mercedes-benz gle 350 keygo/обдух/360 камери/amg пакет,66000,195250,diesel,258.0,coupe,pleven,1,white,9
mercedes-benz gle 350 amg pack/9g-tronic/360camera/70.000kм.,66800,70000,diesel,258.0,jeep,blagoevgrad,1,black,7
mercedes-benz gle 350 d coupe 4matic amg-line,66900,196000,diesel,258.0,coupe,sofia,1,gray,8
"mercedes-benz gle 350 coupe, 4-matic, 9g-tronic, kamera, панорама, full",66999,276100,diesel,258.0,coupe,sofia,0,white,8
mercedes-benz gle 350,67000,190000,diesel,276.0,jeep,burgas,0,dark gray,8
mercedes-benz gle 350 gle coupe 350d,67500,200000,diesel,258.0,coupe,sofia,0,black,9
mercedes-benz gle 350 amg panorama distronic 360 камери airmatic,67900,172220,diesel,258.0,coupe,plovdiv,1,white,10
mercedes-benz gle 350 d coupe/amg/softclose/21ц/harmankardon/multibeam,67900,215980,diesel,258.0,coupe,ruse,1,black,10
"mercedes-benz gle 350 d coupe, 4-matic, amg line, night pack, full servi",68000,219000,diesel,258.0,coupe,plovdiv,1,white,8
mercedes-benz gle 350 * 4 matic* distronic* 9g* печка,68000,141000,diesel,258.0,jeep,varna,0,dark gray,9
mercedes-benz gle 350 amg,68000,290000,diesel,258.0,jeep,stara zagora,1,black,9
mercedes-benz gle 350 4matic* amg*,68000,225000,diesel,258.0,coupe,gabrovo,1,blue,9
mercedes-benz gle 350 d 4m coupe* amg* comand online* exclusive* softclo,68000,199900,diesel,258.0,coupe,sofia,1,black,9
mercedes-benz gle 350,68600,126000,diesel,258.0,jeep,veliko tarnovo,0,red,7
mercedes-benz gle 350 amg 4 matic 9g tronic,68900,120000,diesel,258.0,jeep,sofia,1,dark gray,9
mercedes-benz gle 350 350d amg/offroad/360 camera/vakum/pamet/panorama,69000,254000,diesel,258.0,jeep,kardzhali,1,white,8
mercedes-benz gle 350,70000,130000,diesel,276.0,jeep,sofia,0,blue,7
mercedes-benz gle 350 amg line,70300,189000,diesel,258.0,jeep,sofia,1,white,9
mercedes-benz gle 350 d 4m amg* night* pano,70900,128388,diesel,258.0,jeep,sofia,1,white,9
mercedes-benz gle 350 coupe/258hp/amg line/360-cam/306b,70900,280000,diesel,258.0,coupe,sofia,1,blue,7
mercedes-benz gle 350 купе amg line,71000,475000,diesel,258.0,coupe,burgas,1,black,8
mercedes-benz gle 350 amg 350 4matik,71777,151000,diesel,258.0,coupe,sofia,1,white,8
mercedes-benz gle 350 4matic,71899,86000,diesel,258.0,jeep,pleven,0,black,8
mercedes-benz gle 350 4matik,71900,121000,diesel,258.0,jeep,sofia,0,dark gray,9
mercedes-benz gle 350 amg,72000,170000,diesel,258.0,jeep,veliko tarnovo,1,light gray,8
mercedes-benz gle 350 coupe amg-pack,72000,189000,diesel,258.0,coupe,sofia,1,gray,9
mercedes-benz gle 350 amg/4matic/258hp/coupe/carplay/pano/cam/616b,72199,206000,diesel,258.0,coupe,sofia,1,black,8
mercedes-benz gle 350 mercedes gle350d amg line* 360* panorama* assistan,72699,178000,diesel,258.0,jeep,sofia,1,white,9
mercedes-benz gle 350 6.3amg optik-distronik-panorama-360kameri-harman !,73444,202334,diesel,265.0,coupe,pazardzhik,1,red,8
mercedes-benz gle 350 amg,74000,230000,diesel,258.0,coupe,targovishte,1,white,9
mercedes-benz gle 350 amg/navi/360camera/вакуум,74900,190000,diesel,258.0,coupe,varna,1,white,9
mercedes-benz gle 350 coupe= 4matic= 63 amg= distronic= harman/kardon=,74999,200000,diesel,258.0,coupe,pazardzhik,1,black,8
mercedes-benz gle 350 amg 6.3 full pack 4matic панорама лизинг 100%,75880,190000,diesel,258.0,jeep,pazardzhik,1,white,8
mercedes-benz gle 350 amg* 4x4* night pack* pano* germany* лизинг*,75999,198444,diesel,258.0,coupe,sofia,1,white,9
mercedes-benz gle 350,76440,98900,diesel,272.0,jeep,sofia,0,gray,7
mercedes-benz gle 350 coupe 4matic 6.3 full amg pack лизинг 100%,76660,182000,diesel,258.0,coupe,pazardzhik,1,white,8
"mercedes-benz gle 350 cdi coupe , 4matic , amg , panorama , 168.000км",79500,158000,diesel,258.0,coupe,plovdiv,1,red,8
mercedes-benz gle 350 canada,79999,141000,diesel,258.0,jeep,plovdiv,0,red,9
mercedes-benz gle 350 amg bluetec 4matic full,79999,148000,diesel,258.0,jeep,plovdiv,1,black,8
mercedes-benz gle 350,80999,47000,diesel,258.0,jeep,sofia,0,blue,6
mercedes-benz gle 350 4matic 103000km!!!,81800,93594,diesel,258.0,jeep,sofia,0,black,9
mercedes-benz gle 350 4 matic/panorama/navi,82000,132600,gasoline,258.0,jeep,sofia,0,gray,5
mercedes-benz gle 350 d 4matic coupe,82300,108214,diesel,255.0,coupe,pleven,0,gray,7
mercedes-benz gle 350 d coupe 4matic amg line,82499,198000,diesel,258.0,coupe,sofia,1,black,8
mercedes-benz gle 350 amg line,84000,110000,diesel,251.0,jeep,ruse,1,black,8
mercedes-benz gle 350 amg line,84999,245000,diesel,258.0,jeep,haskovo,1,black,9
mercedes-benz gle 350 * 4matic* 7места*,88500,30000,gasoline,256.0,jeep,plovdiv,0,black,5
mercedes-benz gle 350 300d amg,90000,165300,diesel,245.0,jeep,plovdiv,1,black,5
mercedes-benz gle 350 4-matic,92000,79900,gasoline,258.0,jeep,varna,0,black,4
mercedes-benz gle 350 gle 350 4-matic 94 000 km пълна сервизна история!!,94999,94000,gasoline,256.0,jeep,sofia,0,black,5
mercedes-benz gle 350 amg* 4m* 360cam* top*,94999,119000,diesel,245.0,jeep,sofia,1,black,4
mercedes-benz gle 350  coupe silvar star n1,95000,53000,diesel,268.0,coupe,veliko tarnovo,0,silver,9
mercedes-benz gle 350,80000,217783,diesel,258.0,jeep,kardzhali,0,white,8
mercedes-benz gle 350 4-matic,97000,93900,gasoline,245.0,jeep,sofia,0,black,5
"mercedes-benz gle 350 amg, 4 matic",97998,51000,gasoline,258.0,jeep,varna,1,black,3
mercedes-benz gle 350 d amg 4matic airmatic pano burmester 360 distronic,97990,193000,diesel,272.0,jeep,sofia,1,green,5
mercedes-benz gle 350 d 4matic amg line,98999,204000,diesel,272.0,jeep,sofia,1,white,6
mercedes-benz gle 350 d 4matic amg line night package,98999,178306,diesel,272.0,jeep,sofia,1,white,6
mercedes-benz gle 350 d 4-matic amg-packet,99000,163000,diesel,272.0,jeep,varna,1,white,6
mercedes-benz gle 350 95x.km/burmester/amg/4 matic/airmatic !,99500,95837,diesel,272.0,jeep,sofia,1,blue,5
mercedes-benz gle 350 w167,99999,209000,plug-in hybrid,320.0,jeep,sofia,0,gray,4
mercedes-benz gle 350,101000,46000,gasoline,255.0,jeep,sofia,0,black,5
mercedes-benz gle 350 d 4matic amg line,84999,202500,diesel,272.0,jeep,sofia,1,green,6
mercedes-benz gle 350 d 4matic amg line,104999,158172,diesel,272.0,jeep,sofia,1,black,5
mercedes-benz gle 350,105000,180000,diesel,245.0,jeep,kardzhali,0,black,5
mercedes-benz gle 350 de amg 4matic,109900,96200,plug-in hybrid,306.0,jeep,sofia,1,white,5
mercedes-benz gle 350,109999,48000,gasoline,256.0,jeep,sofia,0,white,4
mercedes-benz gle 350 4matic 6.3 amg 3хtv burmaster,109999,45000,gasoline,272.0,jeep,sofia,1,white,5
mercedes-benz gle 350 * 2xamg* airmatic* 4matic* 360*,91900,83600,diesel,272.0,jeep,sofia,1,black,5
mercedes-benz gle 350 e 4matic amg line = mgt select 2=,115000,84000,plug-in hybrid,333.0,jeep,sofia,1,black,4
mercedes-benz gle 350  coupe amg panorama,115800,165000,diesel,286.0,coupe,plovdiv,1,white,4
mercedes-benz gle 350 * 4matic* amg* night packet* pano* 21 *,117999,124033,diesel,272.0,jeep,vidin,1,black,5
"mercedes-benz gle 350 350d eq 5, 3 amg packet",118888,163000,diesel,272.0,jeep,plovdiv,1,black,4
mercedes-benz gle 350 d* 4m* amg* panorama* keyless* 360* distr*,119800,85000,diesel,272.0,jeep,sofia,1,white,6
mercedes-benz gle 350 d amg-pack,119900,98000,diesel,272.0,jeep,sofia,1,white,5
mercedes-benz gle 350 d / coupe / amg optic,120000,91000,diesel,286.0,coupe,sofia,1,white,5
mercedes-benz gle 350,123900,99000,diesel,272.0,jeep,plovdiv,0,white,5
mercedes-benz gle 350 gle 300 d 4matic amg,125000,60000,diesel,245.0,jeep,sofia,1,black,4
mercedes-benz gle 350,125000,51500,diesel,272.0,jeep,sofia,0,black,6
mercedes-benz gle 350 de coupe/amg/22/pano/air,104995,114454,plug-in hybrid,320.0,coupe,sofia,1,black,4
mercedes-benz gle 350 350d couppe,126616,67000,plug-in hybrid,194.0,coupe,blagoevgrad,0,black,4
mercedes-benz gle 350 d coupe 4matic amg-line,129999,125000,diesel,272.0,coupe,sofia,1,black,4
mercedes-benz gle 350 d 4matic coupe amg,130000,164566,diesel,272.0,coupe,varna,1,dark gray,5
mercedes-benz gle 350 4matic* air* amg* pano* ahk* 360* гаранция,109900,69670,diesel,272.0,jeep,plovdiv,1,white,5
mercedes-benz gle 350 амg-full,133000,126500,diesel,272.0,jeep,plovdiv,0,white,5
mercedes-benz gle 350 d coupe 4matic amg line,134999,122000,diesel,272.0,coupe,sofia,1,blue,4
mercedes-benz gle 350 d* amg* full max,135000,160000,diesel,272.0,jeep,kardzhali,1,white,5
mercedes-benz gle 350 de 4matic amg 360* обдухване* airmatic,135150,80980,hybrid,194.0,jeep,plovdiv,1,black,3
mercedes-benz gle 350 d coupe 4matic amg line,113999,124379,diesel,272.0,coupe,sofia,1,black,4
mercedes-benz gle 350 d 4matic coupе,139000,32203,diesel,272.0,coupe,plovdiv,0,black,4
mercedes-benz gle 350 gle coupe  gle 350de plug-in hybrid 4matic 9g-tron,139000,179000,plug-in hybrid,333.0,coupe,varna,0,black,4
mercedes-benz gle 350 amg 4 matic coupe,139500,135000,diesel,272.0,coupe,kyustendil,1,gray,3
mercedes-benz gle 350 4m* amg* multibeam* distr* mbux,117500,46450,diesel,272.0,jeep,plovdiv,1,black,4
mercedes-benz gle 350 d coupe 4matic amg-line,118999,121000,diesel,272.0,coupe,sofia,1,white,5
mercedes-benz gle 350 d coupe 4matic amg line,118999,137500,diesel,272.0,coupe,sofia,1,red,4
mercedes-benz gle 350 n1 6+ 1 amg exterior & interior,120000,110000,diesel,286.0,jeep,sofia,1,white,4
mercedes-benz gle 350 d 4matic coupe,144900,69310,diesel,272.0,coupe,sofia,0,white,4
mercedes-benz gle 350 coupe 4 matic * full екстри * панорама * burmeiste,123900,99000,diesel,272.0,coupe,varna,0,black,5
mercedes-benz gle 350 plug in hybrid  coupe,149500,93000,plug-in hybrid,333.0,coupe,sofia,0,black,3
mercedes-benz gle 350 amg/4matic/virtual/ambient,149900,74000,diesel,272.0,jeep,sofia,1,white,5
mercedes-benz gle 350,150920,61000,plug-in hybrid,221.0,jeep,sofia,0,gray,4
mercedes-benz gle 350 de 4matic,153600,57290,plug-in hybrid,330.0,jeep,sofia,0,black,3
mercedes-benz gle 350 e,154840,39078,plug-in hybrid,333.0,jeep,sofia,0,gray,5
mercedes-benz gle 350 coupe* 4matic* amg* air* night* burmester*,128900,48000,diesel,272.0,coupe,plovdiv,1,black,4
mercedes-benz gle 350,138180,65000,diesel,272.0,coupe,sofia,0,white,3
mercedes-benz gle 350 d/4mat/coupe/burm/360/21/нова/топ!!!,166600,29000,diesel,272.0,coupe,blagoevgrad,0,black,4
mercedes-benz gle 350 350 e hybrid,139000,45000,plug-in hybrid,333.0,jeep,plovdiv,0,black,4
mercedes-benz gle 350 plug in hybrid,170000,40000,plug-in hybrid,333.0,jeep,sofia,0,white,2
mercedes-benz gle 350 de 4matic = amg line advanced plus= гаранция,145670,10000,plug-in hybrid,333.0,jeep,sofia,1,black,1
mercedes-benz gle 350 de/amg/plug-in/4matic/facelift/burm/airmatic/360/,146980,16133,plug-in hybrid,333.0,jeep,sofia,1,black,1
mercedes-benz gle 350 de/amg/plug-in/4m/facelift/night/pano/burm/airmati,147980,9900,plug-in hybrid,333.0,jeep,sofia,1,white,2
mercedes-benz gle 350 de/amg/facelift/coupe/plug-in/burm/pano/360/night/,149980,7990,plug-in hybrid,333.0,coupe,sofia,1,black,2
mercedes-benz gle 350 de 4matic = amg line advanced plus= гаранция,152420,8500,plug-in hybrid,333.0,jeep,sofia,1,white,1
mercedes-benz gle 350 de 4matic coupe = amg line premium= гаранция,170920,16500,plug-in hybrid,333.0,coupe,sofia,1,white,1
mercedes-benz gle 350 de 4m coupe amg airmatic,173264,2000,hybrid,197.0,coupe,sofia,1,black,2
mercedes-benz gle 350 de 4matic,212400,8000,hybrid,333.0,jeep,sofia,0,black,1
mercedes-benz gle 400 amg packet,52000,120000,gasoline,333.0,jeep,pleven,1,gray,7
mercedes-benz gle 400 4matic/amg/9g/distronic+ /air/ harman 333кс,54900,95900,gasoline,333.0,jeep,sofia,1,blue,7
mercedes-benz gle 400 amg пакет/night package/airmatic,58999,99999,gasoline,333.0,jeep,sofia,1,gray,9
mercedes-benz gle 400 4matic amg,59500,159000,gasoline,333.0,jeep,plovdiv,1,white,9
mercedes-benz gle 400,59900,100000,gasoline,333.0,jeep,burgas,0,black,7
mercedes-benz gle 400,60000,134000,gasoline,390.0,jeep,sofia,0,white,7
mercedes-benz gle 400 4matic,60000,66425,gasoline,333.0,jeep,plovdiv,0,blue,8
mercedes-benz gle 400 amg 9g 4matic 333кс night package,60500,181550,gasoline,333.0,jeep,pazardzhik,1,red,7
mercedes-benz gle 400,61000,143000,gasoline,333.0,jeep,sofia,0,red,9
mercedes-benz gle 400 70х.km#amg pack#360 cam#9g#4matic#air#carbon,61500,70000,gasoline,333.0,jeep,stara zagora,1,gray,8
mercedes-benz gle 400 amg* 4matic* off-roader* лизинг*,62000,115000,gasoline,333.0,jeep,varna,1,white,7
"mercedes-benz gle 400 full, distronic+ , обдухване, масаж, amg, 9g",64999,115000,gasoline,333.0,jeep,sofia,1,dark gray,7
mercedes-benz gle 400 amg/9g/distronic+ /air/full,65000,149207,gasoline,333.0,jeep,sofia,1,black,8
mercedes-benz gle 400,65000,170000,gasoline,333.0,jeep,sofia,0,white,9
mercedes-benz gle 400 amg designo,71900,99000,gasoline,333.0,jeep,sofia,1,blue,8
mercedes-benz gle 400 amg/4matic/euro6/,74999,180000,gasoline,335.0,coupe,sofia,1,black,9
mercedes-benz gle 400 amg/333hp/coupe/4matic/orange-art-edition/360/615b,85399,152000,gasoline,333.0,coupe,sofia,1,black,7
mercedes-benz gle 400 3.0tdi/330hp/4m/distronic/widescreen/360/344b,95499,185890,diesel,330.0,jeep,sofia,0,black,6
mercedes-benz gle 400 d 4m #burmester #360 #keygo #distronic @icarbg,98900,145731,diesel,330.0,jeep,stara zagora,0,black,5
"mercedes-benz gle 400 d, 4-matic, amg line, 9-g",99900,274000,diesel,330.0,coupe,plovdiv,1,dark gray,5
mercedes-benz gle 400 d 4matic amg line,91999,212000,diesel,330.0,jeep,sofia,1,gray,6
mercedes-benz gle 400 * 4m* amg* panorama* night* head-up* designio* bur,117500,150000,diesel,330.0,jeep,sofia,1,black,6
mercedes-benz gle 400 amg/330hp/pano/kless/ambient/carplay/,119900,109865,diesel,330.0,jeep,sofia,1,black,5
mercedes-benz gle 400 coupe amg,123500,110000,diesel,330.0,coupe,sofia,1,black,4
mercedes-benz gle 400 4matic* amg* head-up* 360* panorama,124900,109400,diesel,330.0,jeep,sofia,1,black,5
"mercedes-benz gle 400 amg (6+ 1 места), airmatic, 360grad, multib,",107900,142000,diesel,330.0,jeep,sofia,1,white,5
mercedes-benz gle 400 d#amg#panorama#обдух#e-abc#distr#burmester,129999,110000,diesel,330.0,jeep,stara zagora,1,white,5
mercedes-benz gle 400 hofele,133000,166000,diesel,330.0,jeep,plovdiv,0,black,5
mercedes-benz gle 400 d* amg* 4m* head-up*,133500,95100,diesel,330.0,jeep,sofia,1,black,4
mercedes-benz gle 400 coupe* 4matic* amg* head-up* 360* panor,134900,68000,diesel,330.0,coupe,sofia,1,red,5
mercedes-benz gle 400 4motion/coupé/330hp/amg/pano//night/360 /mem/,134999,122009,diesel,330.0,coupe,sofia,1,gray,4
mercedes-benz gle 400 amg* red belts* burmester* pano* top*,135000,71000,diesel,330.0,jeep,sofia,1,white,3
mercedes-benz gle 400 4matic amg line,137840,60813,diesel,330.0,jeep,varna,1,blue,6
mercedes-benz gle 400 d amg!,139000,97356,diesel,330.0,jeep,plovdiv,1,black,4
mercedes-benz gle 400 d coupe 4matic amg line,116999,112500,diesel,330.0,coupe,sofia,1,black,5
mercedes-benz gle 400 d amg обдухване! airmatic*panorama,140924,46350,diesel,340.0,jeep,sofia,1,black,6
mercedes-benz gle 400 coupe 4 matic,119000,67200,diesel,330.0,coupe,sofia,0,black,4
mercedes-benz gle 400 * coupe* 4m* amg* night* pano* burmester*,144500,72500,diesel,330.0,coupe,sofia,1,white,5
mercedes-benz gle 400 d 4matic amg line* pano* navi* ambient,144900,37900,diesel,330.0,jeep,plovdiv,1,white,3
mercedes-benz gle 400 4 matic,144900,96604,diesel,330.0,jeep,veliko tarnovo,0,gray,5
mercedes-benz gle 400 4matic amg 6+ 1 burm* 360* масаж,124900,65000,diesel,330.0,jeep,plovdiv,1,white,5
mercedes-benz gle 400 4m* amg* multibeam* airmatic* pano* гаранция,125500,84801,diesel,330.0,jeep,plovdiv,1,black,5
mercedes-benz gle 400 3.0 tdi/330hp/4x4/pano/360cam/navi/152c,150899,87000,diesel,330.0,coupe,sofia,0,gray,3
mercedes-benz gle 400 d* 4m* amg* head-up* 360cam* distr*,126800,47800,diesel,330.0,jeep,sofia,1,gray,5
mercedes-benz gle 400 d/ amg/ 4-matic/ panorama/ 360/ led/ 20/,127980,55746,diesel,330.0,jeep,sofia,1,white,3
mercedes-benz gle 400 amg,153900,74500,diesel,330.0,jeep,sofia,1,white,3
mercedes-benz gle 400 d 4m amg !!,129000,43000,diesel,330.0,jeep,blagoevgrad,1,black,3
mercedes-benz gle 400 d coupe amg line 4matic,154900,76968,diesel,330.0,coupe,ruse,1,black,4
mercedes-benz gle 400 d* coupe* amg* 4m* distr* led*,129800,60000,diesel,330.0,coupe,sofia,1,blue,4
mercedes-benz gle 400 d/ amg/4matic/night/distronic/ head up/360/ led/21,129980,63930,diesel,330.0,jeep,sofia,1,black,3
mercedes-benz gle 400 amg mega full 4matic 2години гаранция лизинг 100%,158880,92000,diesel,330.0,jeep,pazardzhik,1,gray,4
mercedes-benz gle 400 4matic amg line,159000,61000,diesel,330.0,jeep,sofia,1,white,5
mercedes-benz gle 400 d 4m coupe * pano* headup* 20* burm,159900,33000,diesel,330.0,coupe,sofia,0,gray,3
mercedes-benz gle 400,138180,68000,diesel,330.0,coupe,sofia,0,black,4
mercedes-benz gle 400 d 4matic amg line pano navi 360 camera,145000,9700,diesel,330.0,jeep,sofia,1,black,1
mercedes-benz gle 400 d amg,175000,19000,diesel,333.0,coupe,shumen,1,white,3
mercedes-benz gle 400 coupe*4matic*multibeam*panorama,146500,44500,diesel,330.0,coupe,plovdiv,0,black,5
mercedes-benz gle 400 e coupе,179900,19800,hybrid,381.0,coupe,varna,0,black,2
mercedes-benz gle 400 d 4matic = amg line= гаранция,150340,19500,diesel,330.0,jeep,sofia,1,black,1
mercedes-benz gle 400 d 4matic = amg line premium plus= гаранция,150920,13500,diesel,330.0,jeep,sofia,1,gray,2
mercedes-benz gle 400 e 4matic = amg line premium= гаранция,153590,18500,plug-in hybrid,388.0,jeep,sofia,1,black,2
mercedes-benz gle 400 e plug-in hybrid/450e/facelift/amg/pano/360cam,188000,212,plug-in hybrid,381.0,jeep,sofia,1,white,1
mercedes-benz gle 400 d coupe 4matic = amg line= гаранция,157920,15500,diesel,330.0,coupe,sofia,1,gray,1
mercedes-benz gle 400 d 4matic coupe,160375,21000,diesel,330.0,coupe,plovdiv,0,black,2
mercedes-benz gle 400 e 4matic = amg line advanced plus= гаранция,164090,7000,plug-in hybrid,388.0,jeep,sofia,1,white,1
mercedes-benz gle 400 d coupe 4matic = amg line= гаранция,166590,6000,diesel,330.0,coupe,sofia,1,black,2
mercedes-benz gle 400 e/ plug-in/amg/facelift/airmatic/night/pano/ burm/,167980,8000,plug-in hybrid,381.0,jeep,sofia,1,dark gray,2
mercedes-benz gle 400 e/ plug-in/ amg/ facelift/ coupe/ airmatic/ burm/,169780,9000,plug-in hybrid,381.0,coupe,sofia,1,black,2
mercedes-benz gle 400 * coupe* night* amg* distr*,174800,7700,plug-in hybrid,388.0,coupe,sofia,1,gray,2
mercedes-benz gle 400 e* plug in hybrid* 22* pano* burmester*,178880,6200,plug-in hybrid,381.0,jeep,sofia,0,black,1
mercedes-benz gle 400 * coupe* amg* 4m* burm* pano* night* led* distroni,186800,3900,plug-in hybrid,388.0,coupe,sofia,1,black,1
mercedes-benz gle 43 amg gle43 amg panorama 360kamera keyless  harman kard,52000,210000,gasoline,390.0,jeep,stara zagora,1,white,7
mercedes-benz gle 43 amg biturbo,57777,91000,gasoline,390.0,jeep,sofia,1,black,8
mercedes-benz gle 43 amg,61900,190000,gasoline,390.0,jeep,sofia,1,black,7
mercedes-benz gle 43 amg,62000,123000,gasoline,390.0,jeep,ruse,1,white,8
mercedes-benz gle 43 amg 4m* лизинг* 360 camera* keyless* harman kardon,67900,83900,gasoline,390.0,jeep,sofia,1,dark gray,7
mercedes-benz gle 43 amg 43 amg,68000,61000,gasoline,390.0,jeep,sofia,1,red,7
mercedes-benz gle 43 amg * pano* full*,68188,146000,gasoline,370.0,coupe,plovdiv,1,black,8
mercedes-benz gle 43 amg gle 4.3 amg,69999,145000,gasoline,390.0,jeep,sofia,1,black,8
mercedes-benz gle 43 amg 367ps panorama 130000km!!!,69999,130000,gasoline,367.0,jeep,sofia,1,silver,9
mercedes-benz gle 43 amg нов вноскупегермания топ състояние реал км амг 43,73555,209000,gasoline,390.0,coupe,sofia,1,white,8
mercedes-benz gle 43 amg 4matic/harman kardon,74900,69960,gasoline,367.0,jeep,sofia,1,white,8
mercedes-benz gle 43 amg coupe,76440,206000,gasoline,367.0,coupe,plovdiv,1,black,8
mercedes-benz gle 43 amg,77000,79001,gasoline,390.0,coupe,sofia,1,blue,9
"mercedes-benz gle 43 amg coupe, обслужен, каско, регистриран",77900,115000,gasoline,367.0,coupe,gabrovo,1,white,8
mercedes-benz gle 43 amg 4matic* pano* вентилация* 360* keyless* h/k,78398,103817,gasoline,390.0,jeep,sofia,1,black,7
mercedes-benz gle 43 amg,79999,172000,gasoline,390.0,jeep,plovdiv,1,white,7
mercedes-benz gle 43 amg amg shadow line/ 4matic/9g-tronic/harman kardon/,81700,217249,gasoline,390.0,jeep,plovdiv,1,black,8
mercedes-benz gle 43 amg coupe 4 matic,82500,135950,gasoline,390.0,coupe,sofia,1,light gray,6
mercedes-benz gle 43 amg coupe / нов внос,85000,159000,gasoline,367.0,coupe,sofia,1,black,8
mercedes-benz gle 43 amg 4matic,89900,97000,gasoline,390.0,jeep,sofia,1,black,7
mercedes-benz gle 43 amg mercedes-benz gle 43 amg 4-matic coupe,98999,113000,gasoline,370.0,coupe,sofia,1,metallic,8
mercedes-benz gle 43 amg 28 хил. км designo,99999,28000,gasoline,385.0,jeep,sofia,1,black,6
mercedes-benz gle 450 eq boost amg package,96000,84000,gasoline,367.0,jeep,plovdiv,1,gray,5
mercedes-benz gle 450 4matic amg-line,96999,147000,gasoline,367.0,jeep,sofia,1,black,6
mercedes-benz gle 450,99000,129300,gasoline,367.0,jeep,sliven,0,gray,5
mercedes-benz gle 450 amg package,99900,98000,gasoline,367.0,jeep,sofia,1,gray,4
mercedes-benz gle 450 amg/active body control/обдухване/въздушно,102000,126000,gasoline,367.0,jeep,sofia,1,black,5
mercedes-benz gle 450 gle-amg line топ!!!,104999,103000,gasoline,367.0,jeep,pazardzhik,1,black,6
mercedes-benz gle 450 4 matic* widescreen* 360* multibeam led,106000,75000,gasoline,367.0,jeep,sofia,0,black,5
"mercedes-benz gle 450 amg, 7мес, аrm, панорама, дистроник, кам.360, фул",99000,198700,gasoline,367.0,jeep,plovdiv,1,blue,4
mercedes-benz gle 450 eq boost amg line може и бартер за е лек или glc,120000,50000,gasoline,367.0,jeep,dobrich,1,light gray,5
mercedes-benz gle 450,129999,150000,gasoline,367.0,jeep,sofia,0,green,4
mercedes-benz gle 450,145000,150000,diesel,330.0,jeep,targovishte,0,dark gray,1
mercedes-benz gle 450 4 matic amg,145500,12462,gasoline,389.0,jeep,sofia,1,black,3
mercedes-benz gle 450,152000,46550,gasoline,367.0,jeep,ruse,0,black,6
mercedes-benz gle 450,167900,12000,gasoline,367.0,jeep,sofia,0,black,2
mercedes-benz gle 450 d 4m #burmester #keygo #pano #night #hud #icarbg,149900,39731,diesel,367.0,jeep,stara zagora,0,silver,2
mercedes-benz gle 450 4matic = amg line= гаранция,150250,6500,gasoline,381.0,jeep,sofia,1,white,2
mercedes-benz gle 450 d coupe 4matic amg line,189999,36000,diesel,367.0,coupe,sofia,1,black,2
mercedes-benz gle 450 amg/facelift/4m/night/pano/burm/hud/360/airmatic/,160980,6393,gasoline,381.0,jeep,sofia,1,dark gray,2
mercedes-benz gle 450 d 4m amg pano airmatic 360 camera,162400,5550,diesel,367.0,jeep,sofia,1,silver,1
mercedes-benz gle 450 4m amg pano navi 360 camera,162500,10000,gasoline,367.0,jeep,sofia,1,black,1
mercedes-benz gle 450 d/amg/facelift/4m/pano/burm/360/airmatic/7-местен,162780,12347,diesel,367.0,jeep,sofia,1,black,2
mercedes-benz gle 450 d 4m coupé amg,164000,25000,diesel,367.0,jeep,sofia,1,gray,2
mercedes-benz gle 450 4matic = amg line advanced plus= гаранция,165920,8500,gasoline,381.0,jeep,sofia,1,black,1
mercedes-benz gle 450 d 4matic + amg,199999,38000,diesel,367.0,coupe,sofia,1,black,2
mercedes-benz gle 450 d 4matic amg-line,199999,22000,diesel,387.0,jeep,sofia,1,black,2
mercedes-benz gle 450 d/amg/facelift/night/pano/burm/airmatic/360/multib,167780,20584,diesel,367.0,jeep,sofia,1,black,2
mercedes-benz gle 450 d/4m/amg-line/burmester/pano,169900,18500,diesel,367.0,jeep,varna,1,gray,1
mercedes-benz gle 450 d 4m coupe amg night-pack 360 burm,169900,14000,diesel,367.0,coupe,sofia,1,black,1
mercedes-benz gle 450 d 4matic amg-line,169999,35000,diesel,367.0,jeep,sofia,1,black,2
mercedes-benz gle 450 coupe* amg-line* pano* night-pack* 360* burmaister,170500,14400,diesel,367.0,coupe,plovdiv,1,gray,2
mercedes-benz gle 450 d/amg/coupe/facelift/night/burm/360/airmatic/22/,170780,13048,diesel,367.0,coupe,sofia,1,white,2
mercedes-benz gle 450 d 4matic = amg line advanced plus= гаранция,173750,13500,diesel,387.0,jeep,sofia,1,white,1
mercedes-benz gle 450 d 4m coupe amg night pano head up,174300,15000,diesel,367.0,coupe,sofia,1,black,1
mercedes-benz gle 450 d 4m coupe amg night head up pano burmester,174500,15000,diesel,367.0,coupe,sofia,1,white,1
mercedes-benz gle 450 d/amg/coupe/facelift/night/burm/360/airmatic/pano/,175980,16550,diesel,367.0,coupe,sofia,1,black,2
mercedes-benz gle 450 d/amg/facelift/4m/night/pano/burm/360/airmatic/21,176980,13260,diesel,367.0,jeep,sofia,1,black,2
mercedes-benz gle 450 d/ facelift/ coupe/ night/airmatic/pano/burm/ 360/,179980,9300,diesel,367.0,coupe,sofia,0,black,2
mercedes-benz gle 450 d coupe amg-line,179999,49000,diesel,367.0,coupe,sofia,1,gray,2
mercedes-benz gle 450 d coupe 4matic = amg line premium plus= гаранция,180000,9000,diesel,387.0,coupe,sofia,1,black,2
mercedes-benz gle 450 d* amg* pano* keyless* distronic* burmester,182770,29000,diesel,367.0,jeep,sofia,1,dark gray,2
mercedes-benz gle 450 d 4matic+ amg-line,182999,10000,diesel,367.0,jeep,sofia,1,black,2
mercedes-benz gle 450 4m amg-line burmseter* pano* headup*,186200,10,hybrid,381.0,jeep,plovdiv,1,black,1
mercedes-benz gle 450 4matic amg* parkp* 360 * mbux,188158,8000,diesel,367.0,jeep,sofia,1,black,1
mercedes-benz gle 450 d coupe 4matic amg-line,199999,22000,diesel,367.0,coupe,sofia,1,gray,2
mercedes-benz gle 450 d coupe 4matic amg-line,206999,10000,diesel,367.0,coupe,sofia,1,black,1
"mercedes-benz gle 450 amg готов фининасовый лизинг, 367 к.с. , panorama",69900,188000,gasoline,367.0,jeep,varna,1,black,9
mercedes-benz gle 450 amg 450amg 4matic,77990,129250,gasoline,367.0,jeep,sofia,1,black,9
mercedes-benz gle 450 amg coupe,78400,189000,gasoline,367.0,coupe,plovdiv,1,black,10
mercedes-benz gle 450 amg 4 matic,79000,189397,gasoline,367.0,jeep,veliko tarnovo,1,black,10
mercedes-benz gle 450 amg 4matic,72999,187500,gasoline,367.0,coupe,sofia,1,red,9
mercedes-benz gle 450 amg amg package,99900,98078,gasoline,367.0,jeep,sofia,1,beige,4
mercedes-benz gle 450 amg eq-boost mild-hibrid,119000,120000,gasoline,367.0,jeep,ruse,1,white,4
mercedes-benz gle 450 amg,119800,78100,gasoline,367.0,jeep,sofia,1,chameleon,5
mercedes-benz gle 450 amg 4matic,119900,128000,gasoline,367.0,jeep,burgas,1,black,6
"mercedes-benz gle 450 amg 4м/360/burmester 4d/панор/3хtv обдухване , фулл!!!",120000,60000,gasoline,390.0,jeep,blagoevgrad,1,gray,5
mercedes-benz gle 450 amg германия,122000,69000,gasoline,367.0,jeep,sofia,1,black,5
mercedes-benz gle 450 amg 4matic,128000,63935,gasoline,367.0,jeep,sofia,1,gray,5
mercedes-benz gle 450 amg  amg,109760,89000,gasoline,367.0,jeep,sofia,1,green,6
mercedes-benz gle 450 amg amg/4matic/hud/обдухване/панорама/6+ 1,114900,87000,gasoline,367.0,jeep,varna,1,dark gray,6
mercedes-benz gle 450 amg,119000,49000,gasoline,367.0,jeep,plovdiv,1,dark gray,6
mercedes-benz gle 450 amg 4 matik line,127000,50000,gasoline,367.0,jeep,veliko tarnovo,1,light gray,2
mercedes-benz gle 450 amg d 4m amg/mbux,177000,17135,diesel,367.0,jeep,sofia,1,black,1
mercedes-benz gle 450 amg,174438,9900,diesel,367.0,jeep,sofia,1,black,1
mercedes-benz gle 450 amg d 4matic coupe,209800,8000,diesel,367.0,coupe,sofia,1,black,1
mercedes-benz gle 450 amg 4matic 6+ 1,210800,8000,diesel,367.0,jeep,sofia,1,black,0
mercedes-benz gle 450 amg d coupe/ amg/ 4matic,176398,20,diesel,367.0,coupe,sofia,1,gray,2
mercedes-benz gle 450 amg d 4matic coupe,218500,8000,diesel,367.0,coupe,burgas,1,white,1
mercedes-benz gle 500 gle550 * amg* v8* pano* harman ka* massage,56000,129800,gasoline,449.0,jeep,sofia,1,black,8
mercedes-benz gle 500 дистроник/камера 360/белгия/ бартер,58800,156000,gasoline,333.0,jeep,sofia,0,gray,8
mercedes-benz gle 500 amg* designo* panorama* 360cam* h&k* full* top*,63777,187000,plug-in hybrid,445.0,jeep,sofia,1,black,8
mercedes-benz gle 500 amg* panorama* keyless* distr* harman kardon,68600,127000,gasoline,455.0,jeep,sofia,1,black,8
mercedes-benz gle 500 amg,69990,185000,gasoline,455.0,jeep,burgas,1,blue,7
mercedes-benz gle 500 amg,65000,198000,gasoline,455.0,jeep,sofia,1,black,9
mercedes-benz gle 500,95000,54000,gasoline,455.0,jeep,sofia,0,white,8
mercedes-benz gle 53 4matic night package,125000,80000,gasoline,435.0,jeep,plovdiv,0,black,5
mercedes-benz gle 53 4matic,127000,100000,hybrid,435.0,jeep,pleven,0,white,5
mercedes-benz gle 53 4matic + amg eq boost exclusive,129900,156567,gasoline,435.0,jeep,sofia,1,black,5
mercedes-benz gle 53 4matic amg+ laser night pano 22  burmester,129900,97000,gasoline,435.0,jeep,varna,1,gray,5
mercedes-benz gle 53 4matic amg,130000,46000,gasoline,435.0,jeep,sofia,1,white,3
mercedes-benz gle 53 4matic amg| night package| pano| performance exhaust,134999,140824,gasoline,435.0,jeep,sofia,1,white,5
mercedes-benz gle 53 4matic burmester* pano* подгрев,115638,141435,gasoline,435.0,jeep,sofia,0,gray,5
"mercedes-benz gle 53 4matic amg, лизинг",139000,61800,gasoline,435.0,jeep,pazardzhik,1,black,5
mercedes-benz gle 53 4matic amg,139000,96000,gasoline,435.0,jeep,sofia,1,dark gray,5
mercedes-benz gle 53 4matic 4matic+ amg eq boost,139000,51800,gasoline,435.0,jeep,sofia,1,blue,4
mercedes-benz gle 53 4matic coupe eq boost exclusive night package,144999,109581,gasoline,435.0,coupe,sofia,0,gray,5
mercedes-benz gle 53 4matic coupe/full/лизинг,147000,75000,gasoline,435.0,coupe,sofia,0,gray,4
mercedes-benz gle 53 4matic,123999,130000,gasoline,435.0,jeep,sofia,0,blue,4
mercedes-benz gle 53 4matic амг/burm/обдух/панор/масаж/ нова/топ!!!,149000,36000,gasoline,435.0,jeep,blagoevgrad,0,white,4
mercedes-benz gle 53 4matic amg в гаранция до 11.2025г.,149900,59973,gasoline,435.0,jeep,ruse,1,black,4
mercedes-benz gle 53 4matic amg* 4m+ * distr* pano* led* 360cam*,128880,78100,gasoline,435.0,jeep,sofia,1,white,4
mercedes-benz gle 53 4matic head up* 4matic+ coupe,155000,44000,gasoline,435.0,coupe,sofia,0,red,5
mercedes-benz gle 53 4matic amg,160000,94000,gasoline,435.0,jeep,yambol,1,black,2
mercedes-benz gle 53 4matic amg coupe,136999,115500,gasoline,435.0,coupe,sofia,1,white,5
mercedes-benz gle 53 4matic amg,165000,65000,gasoline,435.0,jeep,sofia,1,white,4
mercedes-benz gle 53 4matic coupe,139999,100000,gasoline,435.0,coupe,sofia,0,black,4
mercedes-benz gle 53 4matic gle 53 amg,140000,64500,gasoline,435.0,jeep,plovdiv,1,black,2
mercedes-benz gle 53 4matic,172000,17000,gasoline,435.0,jeep,sofia,0,blue,3
mercedes-benz gle 53 4matic / amg/ airmatic/ night/ 360/ distronic/ led/ 21/,147780,37000,gasoline,435.0,jeep,sofia,1,dark gray,2
mercedes-benz gle 53 4matic amg,179900,38286,gasoline,435.0,jeep,ruse,1,gray,4
mercedes-benz gle 53 4matic amg coupe carbon burmester,188158,33500,gasoline,435.0,coupe,sofia,1,white,4
mercedes-benz gle 53 4matic amg coupe 4matic,156999,120000,gasoline,435.0,coupe,sofia,1,black,4
mercedes-benz gle 53 4matic burmester* 360* panorama 6+ 1* гаранация 2026г,158000,42500,gasoline,435.0,jeep,plovdiv,0,white,2
mercedes-benz gle 53 4matic  4matic+ coupe + amg+ pano,158758,32300,gasoline,435.0,coupe,sofia,1,white,4
mercedes-benz gle 53 4matic amg/4matic/камера/virtual/coupe,159900,40000,gasoline,435.0,coupe,varna,1,dark gray,4
mercedes-benz gle 53 4matic amg/4matic/камера/virtual/coupe,159900,40000,gasoline,435.0,coupe,sofia,1,dark gray,4
mercedes-benz gle 53 4matic / amg/ coupe/ airmatic/ 360/ head up/ night/ 22/,159980,22100,gasoline,435.0,coupe,sofia,1,black,3
mercedes-benz gle 53 4matic airmatic*pano*widescreen*360*app*mbux,163500,21000,gasoline,435.0,jeep,plovdiv,0,blue,3
mercedes-benz gle 53 4matic amg burmester,164638,38000,gasoline,435.0,jeep,sofia,1,white,2
mercedes-benz gle 53 4matic coupe burmester multibeam light pano matt,207900,23000,gasoline,435.0,coupe,sofia,0,black,2
mercedes-benz gle 53 4matic amg* distr* tv* burm* head-up* night*,173880,35600,gasoline,435.0,jeep,sofia,1,gray,3
mercedes-benz gle 53 4matic coupe* 360* burmester* night* mbux,175500,21450,gasoline,435.0,coupe,plovdiv,0,dark gray,4
mercedes-benz gle 53 4matic 4+ coupe / premium / carbon /facelift,176398,26100,gasoline,435.0,coupe,sofia,0,black,2
mercedes-benz gle 53 4matic amg/ facelift/ night/ pano/burm/ 360/ airmatic/ 21,177780,23284,gasoline,435.0,jeep,sofia,1,black,2
mercedes-benz gle 53 4matic 6+ 1,216800,8000,gasoline,435.0,jeep,burgas,0,black,1
mercedes-benz gle 53 4matic amg/ facelift/ night/ burm/ pano/ 360/ head up/ 22,181880,11000,gasoline,435.0,jeep,sofia,1,red,2
mercedes-benz gle 53 4matic 6+ 1,218800,8000,gasoline,435.0,jeep,plovdiv,0,black,0
mercedes-benz gle 53 4matic 4matic+ = panorama= гаранция,187840,5000,gasoline,455.0,jeep,sofia,0,white,1
mercedes-benz gle 53 4matic 7-местен,190000,25700,gasoline,435.0,jeep,veliko tarnovo,0,gray,1
mercedes-benz gle 53 4matic amg eq boost,229999,16000,gasoline,435.0,jeep,sofia,1,gray,2
mercedes-benz gle 53 4matic / amg/ facelift/ night/ pano/ burm/ 360/ head up/,192980,14000,gasoline,435.0,jeep,sofia,1,dark gray,2
mercedes-benz gle 53 4matic 4matic+ = advanced plus= гаранция,195840,9000,gasoline,435.0,jeep,sofia,0,black,1
mercedes-benz gle 53 4matic +  coupe amg facelift,195999,60,gasoline,455.0,coupe,sofia,1,black,0
mercedes-benz gle 53 4matic coupe 4matic+ = night package= гаранция,196670,8000,gasoline,455.0,coupe,sofia,0,black,2
mercedes-benz gle 53 4matic +,196999,19000,gasoline,435.0,jeep,sofia,0,black,2
mercedes-benz gle 53 4matic amg/facelift/night/pano/burmester/360/multibeaм/22,198980,9900,gasoline,435.0,jeep,sofia,1,dark gray,1
mercedes-benz gle 53 4matic 4m+ /pano/hud/burmester/6+ 1,199900,28000,gasoline,435.0,jeep,sofia,0,black,2
mercedes-benz gle 53 4matic 4m+ /pano/hud/burmester/6+ 1,199900,28000,gasoline,435.0,jeep,varna,0,black,2
mercedes-benz gle 53 4matic amg/ coupe/facelift/burm/pano/head up/airmatic/22/,201980,14700,gasoline,435.0,coupe,sofia,1,black,2
mercedes-benz gle 53 4matic coupe,242500,8000,gasoline,435.0,coupe,varna,0,gray,1
mercedes-benz gle 53 4matic 4matic + coupe amg facelift,203500,30,gasoline,455.0,coupe,sofia,1,blue,1
mercedes-benz gle 53 4matic amg/coupe/facelift/carbon/burm/360/hud/22/pano/,203980,21370,gasoline,435.0,coupe,sofia,1,dark gray,2
mercedes-benz gle 53 4matic amg,205999,7000,gasoline,435.0,jeep,sofia,1,black,2
mercedes-benz gle 53 4matic coupe 4matic+ = premium= гаранция,206340,7500,gasoline,435.0,coupe,sofia,0,white,1
mercedes-benz gle 53 4matic hybrid coupe,249900,8000,hybrid,544.0,coupe,varna,0,gray,1
mercedes-benz gle 53 4matic  coupe,215208,10,gasoline,435.0,coupe,sofia,0,gray,0
mercedes-benz gle 53 4matic amg/facelift/coupe/night/burm/pano/burm/head up/22,214980,9999,gasoline,435.0,coupe,sofia,1,dark gray,1
mercedes-benz gle 53 4matic + amg coupe,217999,19000,gasoline,435.0,coupe,sofia,1,black,2
mercedes-benz gle 53 4matic 4m+ coupé /pano/burm/full/,219520,16300,gasoline,435.0,coupe,sofia,0,black,1
mercedes-benz gle 53 4matic hybrid 4matic+ coupé = premium plus= гаранция,225670,7000,plug-in hybrid,619.0,jeep,sofia,0,black,1
mercedes-benz gle 53 4matic hybrid 4matic+ = premium plus= гаранция,229090,12000,plug-in hybrid,619.0,jeep,sofia,0,white,1
mercedes-benz gle 53 4matic hybrid 4matic+ = premium plus= гаранция,232670,14000,plug-in hybrid,619.0,jeep,sofia,0,black,1
mercedes-benz gle 53 4matic + amg facelift 7местен #100% #full#manufaktur#icar,235004,50,hybrid,455.0,jeep,stara zagora,1,gray,2
mercedes-benz gle 53 4matic hybrid 4matic+ coupé = premium plus= гаранция,236090,9000,plug-in hybrid,619.0,jeep,sofia,0,white,1
mercedes-benz gle 580 * amg* v8* 4matic* full,150000,65000,gasoline,489.0,jeep,veliko tarnovo,1,blue,5
mercedes-benz gle 580 amg/4matic/airmatic/обдухване/hud/камера360,129900,79500,gasoline,489.0,jeep,varna,1,white,3
mercedes-benz gle 580 amg/4matic/airmatic/обдухване/hud/камера360,129900,79500,gasoline,489.0,jeep,sofia,1,white,3
mercedes-benz gle 580 amg/4matic/petrol/electric,158900,93000,gasoline,490.0,jeep,sofia,1,black,4
mercedes-benz gle 580 amg 4matic burmester pano,137198,37900,gasoline,489.0,jeep,sofia,1,black,4
mercedes-benz gle 580 580 amg v8 biturbo eq boost,175000,45000,gasoline,489.0,jeep,plovdiv,1,gray,3
mercedes-benz gle 580 amg#distr#обдух#pano#360* cam#гаранция до 03-2027,209999,8500,gasoline,513.0,jeep,stara zagora,1,dark gray,2
mercedes-benz gle 580 4matic 6+ 1,213800,6000,gasoline,517.0,jeep,sofia,0,black,1
mercedes-benz gle 580 amg/facelift/4matic/night/burm/pano/head up/360/,195980,9725,gasoline,517.0,jeep,sofia,1,dark gray,2
mercedes-benz gle 580 4matic = amg line premium= гаранция,197090,7000,gasoline,539.0,jeep,sofia,1,black,1
mercedes-benz gle 580 4matic = amg line premium= гаранция,197420,7000,gasoline,539.0,jeep,sofia,1,gray,1
mercedes-benz gle 63 amg suv,68208,226000,gasoline,585.0,jeep,sofia,1,dark gray,9
mercedes-benz gle 63 amg,79999,160000,gasoline,585.0,jeep,plovdiv,1,black,9
mercedes-benz gle 63 amg coupe,107800,99000,gasoline,557.0,coupe,plovdiv,1,black,9
mercedes-benz gle 63 amg 4.0/571hp/4matic+ /amg/pano/360/042b,173999,55600,gasoline,571.0,jeep,sofia,1,white,4
mercedes-benz gle 63 s amg gle 63s amg,65000,160000,gasoline,585.0,jeep,dupnitsa,1,blue,9
mercedes-benz gle 63 s amg suv,68208,226000,gasoline,585.0,jeep,sofia,1,dark gray,9
mercedes-benz gle 63 s amg 4matic pano night pack  b&o tv carbon,77900,187000,gasoline,585.0,jeep,sofia,1,black,9
mercedes-benz gle 63 s amg,87000,163000,gasoline,585.0,jeep,blagoevgrad,1,white,10
mercedes-benz gle 63 s amg,87000,98000,gasoline,585.0,jeep,shumen,1,brown,10
mercedes-benz gle 63 s amg обслужен!,91666,134000,gasoline,585.0,coupe,plovdiv,1,gray,9
mercedes-benz gle 63 s amg 63s 700кс stage 2,94999,175669,gasoline,585.0,coupe,haskovo,1,white,9
mercedes-benz gle 63 s amg 4matic+ coupe,98000,196000,gasoline,585.0,coupe,plovdiv,1,black,9
"mercedes-benz gle 63 s amg 100000км, карбон, панорама, 585к.с",99900,100000,gasoline,585.0,jeep,plovdiv,1,black,9
mercedes-benz gle 63 s amg full!!!!!!!,99900,90000,gasoline,585.0,jeep,varna,1,black,8
mercedes-benz gle 63 s amg harman kardon/22 /carbon/coupe,99990,118000,gasoline,585.0,coupe,sofia,1,black,9
mercedes-benz gle 63 s amg,103500,97000,gasoline,585.0,jeep,varna,1,brown,7
mercedes-benz gle 63 s amg bang&olufsen/камера/multibeam/vilner design,124900,85000,gasoline,585.0,jeep,sofia,1,white,10
mercedes-benz gle 63 s amg gle 63s amg,147000,100000,gasoline,585.0,coupe,dupnitsa,1,brown,9
mercedes-benz gle 63 s amg s panorama* obduhvane* burm4d* eq boost&carbon,147999,122000,gasoline,612.0,jeep,plovdiv,1,black,4
mercedes-benz gle 63 s amg,160000,113000,gasoline,612.0,jeep,plovdiv,1,black,5
mercedes-benz gle 63 s amg 37000 км,136000,37000,gasoline,585.0,coupe,blagoevgrad,1,blue,5
mercedes-benz gle 63 s amg carbon* ceramic* panorama* full,185000,113000,gasoline,612.0,jeep,plovdiv,1,black,3
mercedes-benz gle 63 s amg mercedes-benz gle 63 s amg coupe* panorama* head u,190000,45000,gasoline,612.0,coupe,sofia,1,dark gray,4
mercedes-benz gle 63 s amg 4matic/pano/burmesrter/navi/33000км!!!,199990,33000,gasoline,612.0,jeep,sofia,1,blue,4
mercedes-benz gle 63 s amg s 4m+ mbux/multibeam/pan,180318,32000,gasoline,612.0,jeep,sofia,1,black,2
mercedes-benz gle 63 s amg 4m 360 headup burm pano,188900,32000,gasoline,612.0,jeep,sofia,1,black,2
mercedes-benz gle 63 s amg,194040,80000,gasoline,612.0,jeep,veliko tarnovo,1,red,3
mercedes-benz gle 63 s amg coupe*panorama*head up*keyless*burmester,236880,25000,gasoline,612.0,coupe,sofia,1,dark gray,4
mercedes-benz gle 63 s amg /coupe/4m/carbon/pano/burm/head up/360/active ride,199980,48000,gasoline,612.0,coupe,sofia,1,black,4
mercedes-benz gle 63 s amg 4matic,249900,12000,gasoline,612.0,jeep,sofia,1,gray,2
mercedes-benz gle 63 s amg,249999,37000,gasoline,600.0,jeep,varna,1,black,2
mercedes-benz gle 63 s amg 4-matic night pano burm,251700,26800,gasoline,612.0,jeep,varna,1,black,3
mercedes-benz gle 63 s amg 4m+*multibeam*mbux*pano*abgas*mbux*,213500,62500,gasoline,612.0,jeep,plovdiv,1,white,4
mercedes-benz gle 63 s amg 4matic+ = carbon= гаранция,218500,10500,gasoline,634.0,jeep,sofia,1,black,2
mercedes-benz gle 63 s amg /4matic/facelift/carbon/exclusiv/burm/pano/head up,219980,13935,gasoline,612.0,jeep,sofia,1,black,2
mercedes-benz gle 63 s amg /4m/coupe/facelift/carbon/burm/head up/360/pano/22,231680,13500,gasoline,612.0,coupe,sofia,1,white,2
mercedes-benz gle 63 s amg /4m/coupe/facelift/burm/pano/hud/360/active ride/,234780,650,gasoline,612.0,coupe,sofia,1,black,1
mercedes-benz gle 63 s amg /4matic/facelift/ceramic/carbon/night/pano/burm/22,235780,28660,gasoline,612.0,jeep,sofia,1,dark gray,2
mercedes-benz gle 63 s amg coupe* pano* burmester* distr* keyless&,237700,18000,gasoline,612.0,coupe,sofia,1,black,2
mercedes-benz gle 63 s amg 4matic,238999,43250,gasoline,612.0,jeep,sofia,1,black,2
mercedes-benz gle 63 s amg /4matic/facelift/carbon/ride control/burm/360/pano,239980,13400,gasoline,612.0,jeep,sofia,1,black,1
mercedes-benz gle 63 s amg 4matic+ = night package= гаранция,240500,8000,gasoline,634.0,jeep,sofia,1,white,1
mercedes-benz gle 63 s amg coupe 4matic+ = night package= гаранция,252840,12000,gasoline,639.0,coupe,sofia,1,white,1
mercedes-benz gle coupe gle coupe 350 d 4matic amg styling,62500,170000,diesel,260.0,coupe,plovdiv,1,black,10
mercedes-benz gle coupe  coupe,65000,136187,diesel,258.0,coupe,sofia,0,blue,9
mercedes-benz gle coupe топ !!,67000,193000,diesel,258.0,coupe,plovdiv,0,dark gray,8
"mercedes-benz gle coupe gle coupe, 350d, 4matic, amg, 9g tronic, 360* каме",68000,170000,diesel,258.0,coupe,sofia,1,gray,8
mercedes-benz gle coupe 3.5 amg switzerland import,68302,174000,diesel,258.0,coupe,sofia,1,white,9
mercedes-benz gle coupe amg 4matic,69000,107000,gasoline,455.0,coupe,plovdiv,1,red,7
mercedes-benz gle coupe 350 d amg,70000,190000,diesel,254.0,coupe,sofia,1,white,10
mercedes-benz gle coupe gle 350 cdi 360 camera - вакум,70499,227500,diesel,258.0,coupe,kardzhali,0,black,8
mercedes-benz gle coupe 350d amg optic,70500,127854,diesel,258.0,coupe,sofia,1,white,9
mercedes-benz gle coupe 350cdi/amg/4-matic/9ск/soft close/360 камера,72900,155000,diesel,258.0,coupe,sliven,1,dark gray,9
"mercedes-benz gle coupe amg, distr, 360 cam",73999,138000,diesel,258.0,coupe,sofia,1,black,9
mercedes-benz gle coupe coupe amg optic . 4matik. panorama kylessgo. 9g.,74800,170000,diesel,258.0,coupe,pernik,1,white,9
mercedes-benz gle coupe 350d= 4matic= 63 amg= distronic= harman/kardon=,74999,200000,diesel,258.0,coupe,pazardzhik,1,black,8
mercedes-benz gle coupe 450 amg biturbo,75000,136000,gasoline,367.0,coupe,sofia,1,white,9
mercedes-benz gle coupe amg* 4x4* night pack* pano* germany* лизинг*,75888,196444,diesel,256.0,coupe,sofia,1,white,9
mercedes-benz gle coupe на пружини и реални километри!,76999,158321,diesel,258.0,coupe,sofia,0,white,8
mercedes-benz gle coupe 350cdi#amg#,79000,99200,diesel,258.0,coupe,varna,1,blue,8
mercedes-benz gle coupe,79999,137000,gasoline,333.0,coupe,plovdiv,0,black,9
mercedes-benz gle coupe 43 amg,82500,133954,gasoline,390.0,coupe,sofia,1,light gray,6
mercedes-benz gle coupe amg * premium plus * top*,84000,189000,diesel,258.0,coupe,sofia,1,dark gray,7
mercedes-benz gle coupe 350d 4matic,88200,95326,diesel,258.0,coupe,burgas,0,silver,7
mercedes-benz gle coupe 350* 4matic* full екстри,89900,67300,diesel,258.0,coupe,sofia,0,black,6
mercedes-benz gle coupe 55 000km 350d 4matic* amg*,94080,55000,diesel,258.0,coupe,pleven,1,light gray,7
mercedes-benz gle coupe 350d silvar star  n1,95000,53000,diesel,268.0,coupe,veliko tarnovo,0,silver,9
mercedes-benz gle coupe 45000km,96000,45000,diesel,258.0,coupe,burgas,0,metallic,7
mercedes-benz gle coupe 63s amg night package/ carbon/ alcantara full full,99000,142954,gasoline,585.0,coupe,blagoevgrad,1,black,9
mercedes-benz gle coupe silver star,89999,60100,diesel,268.0,coupe,gabrovo,0,black,7
mercedes-benz gle coupe amg panorama,115800,165000,diesel,286.0,coupe,plovdiv,1,white,4
mercedes-benz gle coupe,129000,91000,diesel,286.0,coupe,blagoevgrad,0,black,5
mercedes-benz gle coupe 350d 4matic amg line,132999,192000,diesel,272.0,coupe,sofia,1,gray,4
mercedes-benz gle coupe 350d 4matic amg line,114999,154800,diesel,271.0,coupe,sofia,1,black,5
mercedes-benz gle coupe 400d в гаранция,139800,159000,diesel,330.0,coupe,sofia,0,black,5
mercedes-benz gle coupe 400d coupe amg 22-цола burmester масаж обдухване,139990,190000,diesel,330.0,coupe,vratsa,1,blue,5
mercedes-benz gle coupe 53 amg 4matic+ eq boost exclusive night package,144999,109581,gasoline,435.0,coupe,sofia,1,gray,5
mercedes-benz gle coupe 350e 4matic plug in hybrid  коледна промоция!,166598,89000,plug-in hybrid,347.0,coupe,sofia,0,black,4
mercedes-benz gle coupe 53 amg* night* hud* massage* burmester* pano* 22,167000,65000,gasoline,435.0,coupe,sofia,1,black,5
mercedes-benz gle coupe 5.3 amg 4matik burmester multibeam light pano matt,206900,23000,gasoline,435.0,coupe,sofia,1,black,2
mercedes-benz gle coupe gle 63 s аmg керамика !!!карбон!!!,240000,43000,gasoline,612.0,coupe,shumen,0,white,3
